faculty,faculty_unique_relation,total_data,percentage,cluster_number,silhoutte_score,calonski_harabasz_score,davies_bouldin_score,list_topic
FEB1,[['FEB1']],17,0.05,5,0.4447442800163642,26.25916184399528,0.5797495285807348,"[(0, '0.667*""negara"" + 0.333*""anggar"" + 0.239*""kerja"" + 0.180*""organisasi"" + 0.160*""variabel"" + 0.154*""manajerial"" + 0.142*""teliti"" + 0.132*""internal"" + 0.131*""partisipasi"" + 0.128*""kebun""'), (1, '-0.344*""lingkung"" + -0.307*""masyarakat"" + -0.280*""jasa"" + 0.267*""negara"" + -0.184*""teliti"" + -0.177*""informasi"" + -0.166*""hadap"" + -0.140*""beri"" + 0.134*""anggar"" + -0.133*""manfaat""'), (2, '-0.283*""lingkung"" + -0.281*""jasa"" + 0.254*""teliti"" + 0.229*""variabel"" + 0.195*""informasi"" + 0.159*""audit"" + -0.153*""negara"" + 0.137*""uang"" + 0.136*""uji"" + 0.132*""egovernment""'), (3, '-0.245*""kerja"" + -0.232*""informasi"" + 0.223*""variabel"" + -0.209*""performance"" + -0.188*""jokowi"" + -0.165*""study"" + -0.154*""environmental"" + 0.150*""audit"" + -0.134*""indonesian"" + 0.125*""egovernment""'), (4, '-0.302*""jokowi"" + 0.246*""informasi"" + -0.233*""study"" + -0.182*""indonesian"" + -0.155*""performance"" + -0.154*""variabel"" + -0.151*""election"" + -0.144*""stock"" + 0.136*""sistem"" + -0.132*""effect""')]"
FEB2,"[['FEB2'], ['FEB5', 'FEB2']]",35,0.11,3,0.9106475354258852,455.8803850075165,0.07888671824785758,"[(0, '-0.240*""data"" + -0.214*""ekonomi"" + -0.210*""tenaga"" + -0.208*""agglomerasi"" + -0.207*""kerja"" + -0.193*""pengaruh"" + -0.190*""teliti"" + -0.186*""ikan"" + -0.160*""economic"" + -0.156*""desa""'), (1, '-0.365*""economic"" + -0.342*""growth"" + -0.320*""fiscal"" + -0.282*""decentralization"" + 0.193*""agglomerasi"" + 0.173*""ikan"" + -0.161*""sumatera"" + -0.156*""province"" + -0.144*""test"" + -0.141*""labor""'), (2, '-0.721*""desa"" + -0.226*""persen"" + 0.203*""agglomerasi"" + 0.182*""ikan"" + -0.173*""tahun"" + -0.152*""kembang"" + -0.148*""saburai"" + -0.144*""program"" + -0.124*""teliti"" + -0.123*""gerbang""')]"
FEB3,"[['FEB3'], ['FEB3', 'FH1', 'FH3'], ['FEB3', 'FEB6']]",72,0.22,3,0.6558252048519164,195.823406099136,0.4961123568519182,"[(0, '0.345*""pengaruh"" + 0.311*""teliti"" + 0.277*""usaha"" + 0.212*""hadap"" + 0.208*""tinggi"" + 0.201*""investasi"" + 0.183*""pasar"" + 0.148*""cara"" + 0.139*""putus"" + 0.139*""loyalitas""'), (1, '-0.517*""tinggi"" + 0.335*""pengaruh"" + 0.264*""hadap"" + -0.262*""dana"" + 0.242*""loyalitas"" + -0.227*""gratis"" + -0.188*""usaha"" + -0.172*""kait"" + -0.164*""pasar"" + 0.153*""jasa""'), (2, '-0.331*""investasi"" + 0.309*""tinggi"" + -0.287*""perilaku"" + -0.278*""putus"" + -0.239*""investor"" + 0.213*""hadap"" + 0.204*""dana"" + -0.202*""bias"" + 0.185*""loyalitas"" + -0.165*""individu""')]"
FEB4,"[['FEB4'], ['FEB4', 'FEB6'], ['FEB4', 'FEB5']]",731,2.23,4,0.4686553933243692,1168.5595333180077,0.6627273442763658,"[(0, '-0.439*""teliti"" + -0.306*""usaha"" + -0.224*""uang"" + -0.221*""pengaruh"" + -0.205*""kerja"" + -0.202*""indonesia"" + -0.175*""milik"" + -0.153*""hasil"" + -0.145*""hadap"" + -0.136*""variabel""'), (1, '-0.567*""sama"" + -0.561*""sebut"" + -0.261*""desa"" + 0.245*""pajak"" + -0.167*""manajemen"" + -0.155*""informasi"" + 0.143*""usaha"" + 0.133*""teliti"" + 0.131*""dunia"" + -0.127*""uang""'), (2, '0.592*""pajak"" + 0.352*""seluruh"" + 0.341*""dunia"" + 0.220*""agresivitas"" + 0.170*""sebut"" + -0.170*""financial"" + 0.170*""sama"" + -0.159*""performance"" + -0.157*""study"" + -0.108*""research""'), (3, '0.322*""pajak"" + 0.269*""financial"" + 0.261*""study"" + 0.248*""performance"" + 0.196*""seluruh"" + 0.192*""dunia"" + 0.181*""research"" + 0.167*""effect"" + -0.165*""teliti"" + 0.160*""indonesia""')]"
FEB5,"[['FEB5'], ['FEB5', 'FEB6'], ['FEB4', 'FEB5'], ['FEB5', 'FEB2']]",465,1.42,5,0.5203163724657734,1013.0450956496982,0.5052247982486964,"[(0, '0.300*""teliti"" + 0.267*""ekonomi"" + 0.262*""hasil"" + 0.261*""upah"" + 0.238*""usaha"" + 0.199*""kerja"" + 0.192*""data"" + 0.181*""model"" + 0.171*""tingkat"" + 0.154*""umkm""'), (1, '0.443*""upah"" + 0.364*""usaha"" + 0.253*""umkm"" + -0.245*""negara"" + 0.176*""umr"" + 0.158*""buruh"" + -0.154*""ekonomi"" + -0.151*""tumbuh"" + -0.139*""pengaruh"" + -0.118*""teliti""'), (2, '0.511*""ventura"" + 0.416*""kerja"" + 0.279*""informasi"" + 0.230*""bahasa"" + 0.230*""inggris"" + 0.156*""ajar"" + 0.154*""terampil"" + 0.153*""saham"" + 0.153*""uang"" + 0.153*""tempat""'), (3, '-0.483*""negara"" + 0.326*""spasial"" + -0.223*""ekonomi"" + -0.204*""investasi"" + 0.186*""teliti"" + 0.185*""rumah"" + 0.181*""lampung"" + 0.179*""tangga"" + -0.155*""tumbuh"" + 0.125*""daerah""'), (4, '0.415*""presenter"" + 0.399*""kemudian"" + 0.386*""jadi"" + -0.190*""growth"" + -0.184*""economic"" + 0.151*""buat"" + 0.137*""mitra"" + 0.126*""metode"" + -0.125*""data"" + 0.118*""giat""')]"
FEB6,"[['FEB6'], ['FEB5', 'FEB6'], ['FEB4', 'FEB6'], ['FEB3', 'FEB6']]",899,2.75,4,0.5370269290856159,2506.570266079471,0.5440162171424858,"[(0, '0.504*""usaha"" + 0.306*""teliti"" + 0.242*""milik"" + 0.203*""pengaruh"" + 0.197*""kerja"" + 0.177*""hasil"" + 0.166*""indonesia"" + 0.164*""hadap"" + 0.130*""tingkat"" + 0.122*""tuju""'), (1, '0.713*""usaha"" + -0.245*""konsumen"" + -0.196*""online"" + -0.188*""teliti"" + -0.161*""pengaruh"" + -0.161*""hadap"" + -0.124*""beli"" + -0.123*""kerja"" + -0.109*""lampung"" + 0.106*""milik""'), (2, '0.550*""kerja"" + -0.361*""konsumen"" + -0.288*""online"" + 0.252*""karyawan"" + -0.193*""produk"" + -0.170*""usaha"" + -0.162*""beli"" + -0.141*""belanja"" + 0.140*""milik"" + 0.133*""pengaruh""'), (3, '-0.287*""produk"" + -0.246*""pasar"" + 0.244*""online"" + -0.220*""hasil"" + -0.213*""giat"" + -0.198*""desa"" + -0.195*""tingkat"" + 0.189*""konsumen"" + -0.180*""tani"" + -0.171*""masyarakat""')]"
FH1,"[['FH1'], ['FH1', 'FP1'], ['FEB3', 'FH1', 'FH3']]",880,2.69,3,0.7128116190354901,3209.953671417757,0.33926389247213873,"[(0, '0.666*""sebut"" + 0.600*""kecil"" + 0.328*""batas"" + 0.146*""klaim"" + 0.108*""hukum"" + 0.084*""indonesia"" + 0.078*""lelang"" + 0.076*""prosedur"" + 0.059*""adil"" + 0.049*""gugat""'), (1, '0.811*""tanah"" + 0.333*""hukum"" + 0.155*""nilai"" + 0.123*""masyarakat"" + 0.123*""politik"" + 0.099*""lindung"" + 0.097*""ulayat"" + 0.092*""hasil"" + 0.090*""bidang"" + 0.085*""law""'), (2, '0.386*""tanah"" + -0.320*""ikan"" + -0.257*""daerah"" + -0.255*""bidang"" + -0.226*""daya"" + -0.225*""sumber"" + -0.218*""hasil"" + -0.206*""kelola"" + -0.174*""wenang"" + -0.166*""hukum""')]"
FH2,[['FH2']],316,0.96,4,0.638223870520964,716.606798521004,0.43732240987773296,"[(0, '0.642*""tanah"" + 0.303*""hak"" + 0.225*""milik"" + 0.218*""hukum"" + 0.174*""hutan"" + 0.147*""atas"" + 0.143*""sengaja"" + 0.120*""sertipikat"" + 0.109*""manfaat"" + 0.103*""lampung""'), (1, '0.582*""hutan"" + 0.496*""sengaja"" + -0.266*""tanah"" + 0.198*""lampung"" + 0.183*""konflik"" + -0.173*""hak"" + 0.165*""provinsi"" + 0.145*""daftar"" + 0.143*""sosial"" + 0.119*""jadi""'), (2, '0.423*""lahan"" + 0.378*""tani"" + -0.245*""tanah"" + 0.238*""hukum"" + 0.202*""cipta"" + 0.202*""kerja"" + 0.184*""lindung"" + 0.173*""undangundang"" + -0.163*""sengaja"" + 0.160*""teliti""'), (3, '-0.572*""hukum"" + 0.259*""lahan"" + 0.253*""tani"" + 0.209*""hak"" + -0.144*""sertipikat"" + 0.138*""manfaat"" + -0.131*""tega"" + -0.122*""perintah"" + -0.108*""elektronik"" + 0.108*""sengaja""')]"
FH3,"[['FH3'], ['FEB3', 'FH1', 'FH3']]",1271,3.88,4,0.4513430856197251,2772.691671715849,0.6360769561815457,"[(0, '0.549*""hukum"" + 0.377*""bagai"" + 0.208*""teliti"" + 0.204*""adat"" + 0.191*""laku"" + 0.162*""atur"" + 0.155*""hak"" + 0.153*""indonesia"" + 0.133*""masyarakat"" + 0.123*""lindung""'), (1, '0.699*""bagai"" + 0.542*""adat"" + -0.260*""hukum"" + -0.120*""laku"" + -0.113*""teliti"" + -0.086*""atur"" + -0.080*""data"" + -0.070*""cara"" + -0.065*""hadap"" + -0.065*""lindung""'), (2, '-0.600*""hukum"" + 0.277*""lampung"" + 0.222*""teliti"" + 0.181*""desa"" + 0.180*""masyarakat"" + 0.169*""daerah"" + 0.169*""perintah"" + 0.161*""pajak"" + 0.117*""data"" + -0.113*""waris""'), (3, '0.733*""pajak"" + -0.238*""masif"" + -0.227*""anak"" + 0.192*""dorong"" + -0.185*""lindung"" + -0.170*""hak"" + -0.163*""masyarakat"" + -0.125*""desa"" + 0.119*""laku"" + 0.110*""teliti""')]"
FISIP1,"[['FISIP1'], ['FISIP1', 'FP5', 'FT5', 'FT8', 'FT7'], ['FISIP1', 'FISIP2', 'FISIP3'], ['FISIP1', 'FMIPA5', 'FT5', 'FT8']]",319,0.97,5,0.47433663883134597,379.7126064238796,0.6451603922241436,"[(0, '0.395*""teliti"" + 0.271*""hadap"" + 0.253*""pengaruh"" + 0.249*""usaha"" + 0.231*""kerja"" + 0.161*""cara"" + 0.160*""data"" + 0.157*""signifikan"" + 0.156*""hasil"" + 0.151*""nilai""'), (1, '0.372*""kualitas"" + 0.318*""mandiri"" + 0.267*""cara"" + -0.213*""hadap"" + -0.210*""perban"" + -0.186*""kerja"" + 0.184*""kembang"" + -0.172*""aktiva"" + -0.164*""uang"" + 0.148*""lampung""'), (2, '-0.318*""kerja"" + -0.280*""kualitas"" + -0.266*""mandiri"" + 0.254*""usaha"" + -0.238*""perban"" + 0.231*""pengaruh"" + 0.222*""nilai"" + -0.216*""aktiva"" + -0.191*""uang"" + -0.179*""cara""'), (3, '0.348*""kualitas"" + -0.331*""kupu"" + -0.300*""lampung"" + 0.266*""mandiri"" + 0.187*""pengaruh"" + -0.185*""bisnis"" + 0.181*""cara"" + 0.126*""signifikan"" + -0.111*""bandar"" + -0.106*""giat""'), (4, '0.246*""management"" + 0.215*""research"" + -0.203*""bisnis"" + 0.195*""usaha"" + 0.160*""value"" + -0.154*""umum"" + 0.152*""significant"" + -0.148*""teliti"" + 0.148*""study"" + 0.144*""development""')]"
FISIP2,"[['FISIP2'], ['FISIP1', 'FISIP2', 'FISIP3']]",980,2.99,5,0.49710819681693136,2627.9134254944042,0.6290085572737482,"[(0, '0.288*""desa"" + 0.271*""teliti"" + 0.239*""pariwisata"" + 0.233*""lampung"" + 0.230*""kembang"" + 0.194*""bagai"" + 0.184*""masyarakat"" + 0.169*""kabupaten"" + 0.168*""perintah"" + 0.167*""bijak""'), (1, '-0.478*""kerja"" + -0.352*""bagai"" + 0.340*""pariwisata"" + 0.293*""sangat"" + 0.291*""penting"" + 0.179*""wisata"" + 0.174*""kembang"" + -0.157*""program"" + 0.123*""sawar"" + 0.113*""desa""'), (2, '0.494*""kerja"" + 0.446*""penting"" + 0.401*""sangat"" + 0.395*""bagai"" + -0.206*""desa"" + 0.141*""pariwisata"" + -0.132*""program"" + -0.115*""giat"" + -0.108*""tingkat"" + -0.104*""lampung""'), (3, '0.699*""desa"" + -0.279*""lampung"" + -0.221*""teliti"" + -0.216*""mana"" + 0.190*""giat"" + -0.138*""bijak"" + 0.132*""kerja"" + 0.122*""bagai"" + 0.108*""tingkat"" + -0.099*""data""'), (4, '-0.942*""mana"" + -0.125*""desa"" + 0.110*""lampung"" + -0.092*""penting"" + -0.090*""sangat"" + -0.072*""lokal"" + -0.070*""bentuk"" + 0.054*""program"" + 0.053*""bijak"" + -0.050*""indonesia""')]"
FISIP3,"[['FISIP3'], ['FISIP3', 'FISIP4'], ['FISIP1', 'FISIP2', 'FISIP3']]",621,1.9,4,0.5262378928434593,1065.1680984621808,0.5217246814954407,"[(0, '0.326*""lampung"" + 0.264*""bijak"" + 0.252*""perintah"" + 0.210*""bagai"" + 0.201*""teliti"" + 0.176*""daerah"" + 0.164*""politik"" + 0.156*""jadi"" + 0.141*""publik"" + 0.138*""hasil""'), (1, '0.687*""bukan"" + 0.378*""agung"" + 0.361*""korupsi"" + 0.356*""jahat"" + -0.111*""bijak"" + 0.096*""buah"" + -0.078*""perintah"" + 0.077*""realitas"" + 0.072*""malaysia"" + 0.057*""bn""'), (2, '-0.607*""korupsi"" + -0.382*""buah"" + 0.311*""bukan"" + -0.267*""malaysia"" + -0.213*""bn"" + 0.170*""agung"" + 0.160*""jahat"" + -0.150*""politik"" + 0.130*""lampung"" + -0.108*""kait""'), (3, '0.318*""stunting"" + 0.296*""hubung"" + 0.267*""kelola"" + 0.241*""tata"" + -0.232*""daerah"" + 0.219*""kembang"" + 0.208*""lampung"" + 0.200*""fasilitas"" + 0.181*""atas"" + -0.179*""politik""')]"
FISIP4,"[['FISIP4'], ['FISIP3', 'FISIP4']]",379,1.16,5,0.5603440785928345,647.3738657006043,0.5011094346480925,"[(0, '-0.293*""media"" + -0.259*""lampung"" + -0.258*""teliti"" + -0.248*""laku"" + -0.226*""bagai"" + -0.215*""komunikasi"" + -0.206*""sem"" + -0.194*""masyarakat"" + -0.178*""informasi"" + -0.145*""hasil""'), (1, '0.817*""sem"" + 0.196*""laku"" + 0.160*""prediktor"" + 0.144*""regresi"" + -0.135*""lampung"" + 0.128*""religiusitas"" + 0.117*""tipu"" + -0.103*""komunikasi"" + -0.102*""bagai"" + 0.096*""xenophobia""'), (2, '-0.822*""siapa"" + -0.304*""laku"" + 0.189*""sem"" + -0.178*""tani"" + -0.153*""kota"" + -0.115*""prima"" + -0.114*""keluarga"" + 0.110*""media"" + -0.091*""bisnis"" + -0.082*""daya""'), (3, '-0.447*""media"" + -0.427*""jumlah"" + -0.386*""buat"" + 0.250*""komunikasi"" + -0.222*""tipu"" + 0.187*""masyarakat"" + -0.134*""siapa"" + 0.124*""lampungung"" + 0.118*""sem"" + 0.112*""jaring""'), (4, '-0.402*""komunikasi"" + -0.256*""buat"" + -0.255*""jumlah"" + -0.248*""masyarakat"" + 0.190*""nasional"" + 0.188*""publik"" + 0.184*""bandar"" + -0.171*""jaring"" + 0.164*""lampung"" + -0.157*""tipu""')]"
FISIP5,[['FISIP5']],13,0.04,4,0.35408795555455413,40.033676258791566,0.7137427752885346,"[(0, '0.356*""usaha"" + 0.282*""teliti"" + 0.241*""hasil"" + 0.211*""kerja"" + 0.183*""uang"" + 0.177*""sampel"" + 0.168*""milik"" + 0.151*""nilai"" + 0.151*""tingkat"" + 0.149*""harga""'), (1, '-0.312*""tingkat"" + -0.279*""giat"" + 0.224*""kerja"" + 0.176*""uang"" + -0.174*""strategis"" + -0.174*""perempuan"" + -0.174*""cipta"" + 0.161*""lingkung"" + 0.140*""iso"" + 0.140*""sdgs""'), (2, '-0.327*""manajemen"" + -0.314*""harga"" + -0.290*""fluktuasi"" + -0.263*""saham"" + 0.256*""kerja"" + -0.224*""nilai"" + -0.187*""efek"" + 0.181*""uang"" + 0.164*""lingkung"" + 0.155*""akuntabilitas""'), (3, '0.322*""akuntabilitas"" + 0.229*""kumpul"" + 0.229*""bijak"" + 0.225*""zakat"" + 0.223*""lampung"" + 0.156*""teliti"" + -0.155*""lingkung"" + -0.146*""uang"" + 0.144*""terap"" + -0.142*""kerja""')]"
FISIP6,[['FISIP6']],125,0.38,5,0.522908535408377,290.86370548031925,0.5319551749328839,"[(0, '0.950*""hasil"" + 0.140*""sukses"" + 0.081*""baru"" + 0.077*""siswa"" + 0.066*""tahu"" + 0.061*""kuasa"" + 0.054*""politik"" + 0.052*""teliti"" + 0.047*""keras"" + 0.042*""organisasi""'), (1, '-0.439*""politik"" + -0.252*""lampung"" + -0.209*""budaya"" + -0.198*""organisasi"" + -0.195*""teliti"" + -0.194*""perintah"" + 0.182*""hasil"" + -0.155*""strategi"" + -0.150*""konflik"" + -0.138*""cara""'), (2, '0.409*""konflik"" + -0.380*""politik"" + -0.323*""organisasi"" + -0.281*""budaya"" + -0.274*""perintah"" + 0.244*""strategi"" + 0.165*""lanjut"" + 0.149*""lebih"" + 0.128*""suara"" + 0.114*""teliti""'), (3, '-0.411*""orang"" + -0.362*""rimba"" + 0.333*""lampung"" + -0.292*""strategi"" + 0.249*""konflik"" + -0.229*""hak"" + -0.174*""batanghari"" + -0.151*""namely"" + 0.125*""political"" + 0.123*""capital""'), (4, '0.497*""konflik"" + -0.371*""lampung"" + 0.214*""organisasi"" + 0.214*""lebih"" + 0.203*""lanjut"" + -0.176*""political"" + -0.173*""capital"" + 0.160*""perintah"" + -0.138*""bijak"" + -0.133*""pilkada""')]"
FISIP7,"[['FISIP7'], ['FISIP7', 'FK1']]",356,1.09,4,0.4848760879516232,739.6636387630522,0.6474297143592005,"[(0, '0.457*""kelompok"" + 0.445*""masyarakat"" + 0.231*""teliti"" + 0.207*""desa"" + 0.194*""konflik"" + 0.178*""cara"" + 0.175*""lampung"" + 0.150*""data"" + 0.138*""laku"" + 0.129*""kabupaten""'), (1, '0.848*""kelompok"" + -0.212*""masyarakat"" + -0.167*""konflik"" + -0.144*""desa"" + -0.133*""teliti"" + -0.132*""lampung"" + 0.100*""kualitatif"" + -0.099*""laku"" + -0.080*""kabupaten"" + -0.079*""jadi""'), (2, '-0.626*""jahat"" + -0.580*""seksual"" + -0.464*""kena"" + -0.116*""dunia"" + -0.116*""maya"" + 0.053*""konflik"" + 0.048*""masyarakat"" + -0.046*""layan"" + -0.041*""giat"" + 0.039*""desa""'), (3, '-0.709*""konflik"" + 0.345*""masyarakat"" + 0.268*""hutan"" + -0.139*""jadi"" + -0.123*""desa"" + -0.121*""warga"" + 0.111*""tanggamus"" + 0.109*""kelola"" + -0.106*""balinuraga"" + 0.100*""kabupaten""')]"
FISIP8,[['FISIP8']],124,0.38,4,0.5733409428380537,498.27967454335015,0.4034342429463356,"[(0, '-0.483*""peluang"" + -0.456*""rupa"" + -0.245*""indonesia"" + -0.227*""lampung"" + -0.182*""kerja"" + -0.181*""perintah"" + -0.163*""teliti"" + -0.158*""negara"" + -0.156*""bagai"" + -0.130*""buah""'), (1, '-0.475*""peluang"" + -0.433*""rupa"" + 0.326*""lampung"" + 0.229*""kerja"" + 0.179*""bagai"" + 0.128*""teliti"" + 0.126*""perintah"" + -0.119*""buah"" + 0.105*""ekspor"" + 0.099*""jadi""'), (2, '0.680*""asean"" + 0.207*""ham"" + 0.207*""way"" + -0.170*""lampung"" + 0.166*""negara"" + 0.158*""asia"" + 0.131*""isu"" + 0.117*""norma"" + -0.117*""kerja"" + 0.114*""intervensi""'), (3, '-0.398*""udang"" + -0.361*""ekspor"" + -0.290*""bratasena"" + -0.273*""saing"" + -0.269*""daya"" + 0.214*""perintah"" + 0.169*""daerah"" + -0.150*""akhir"" + -0.145*""analis"" + 0.145*""kota""')]"
FK1,"[['FK1'], ['FISIP7', 'FK1'], ['FK1', 'FP19', 'FP22'], ['FK1', 'FKIP1']]",1860,5.68,4,0.4992342555291944,2733.8698642567647,0.5854277670679344,"[(0, '0.283*""teliti"" + 0.212*""jadi"" + 0.210*""tingkat"" + 0.201*""lampung"" + 0.198*""pasien"" + 0.180*""sakit"" + 0.175*""laku"" + 0.170*""tahu"" + 0.167*""hasil"" + 0.162*""p""'), (1, '0.464*""p"" + -0.328*""pasien"" + -0.224*""sakit"" + 0.221*""teliti"" + 0.220*""kelompok"" + 0.171*""k"" + 0.163*""mg"" + 0.154*""tikus"" + 0.146*""beri"" + -0.140*""sehat""'), (2, '-0.517*""pasien"" + 0.233*""lampung"" + -0.211*""sakit"" + 0.182*""sehat"" + -0.177*""p"" + 0.167*""ibu"" + -0.152*""mg"" + 0.143*""mahasiswa"" + 0.141*""kerja"" + 0.128*""tahu""'), (3, '0.276*""sehat"" + -0.273*""teliti"" + -0.259*""pasien"" + 0.225*""tingkat"" + -0.204*""mahasiswa"" + 0.204*""beri"" + -0.192*""hubung"" + -0.189*""dokter"" + 0.185*""ibu"" + -0.154*""lampung""')]"
FKIP1,"[['FKIP17'], ['FKIP10'], ['FKIP19'], ['FKIP18'], ['FKIP16'], ['FKIP15'], ['FKIP12'], ['FKIP11'], ['FKIP1'], ['FKIP14'], ['FKIP1', 'FKIP14'], ['FKIP19', 'FKIP20', 'FKIP21'], ['FK1', 'FKIP1']]",2202,6.72,4,0.4825049699433628,3808.495565193261,0.6538096003752281,"[(0, '0.532*""ajar"" + 0.360*""teliti"" + 0.331*""siswa"" + 0.231*""hasil"" + 0.165*""bagai"" + 0.141*""tingkat"" + 0.134*""kelas"" + 0.134*""data"" + 0.134*""didik"" + 0.117*""model""'), (1, '-0.861*""bagai"" + 0.267*""learning"" + 0.207*""students"" + -0.142*""terjemah"" + 0.103*""research"" + 0.079*""study"" + 0.073*""siswa"" + -0.070*""bahasa"" + 0.068*""based"" + 0.060*""language""'), (2, '0.516*""learning"" + 0.414*""bagai"" + 0.388*""students"" + 0.189*""research"" + 0.163*""language"" + 0.162*""study"" + -0.146*""ajar"" + 0.121*""strategies"" + 0.116*""based"" + -0.107*""siswa""'), (3, '0.670*""ajar"" + -0.485*""teliti"" + -0.184*""data"" + -0.153*""lampung"" + -0.105*""bahasa"" + 0.102*""learning"" + -0.094*""tunjuk"" + -0.089*""teknik"" + -0.089*""masyarakat"" + -0.088*""analisis""')]"
FKIP10,[['FKIP10']],96,0.29,4,0.48773050570524507,246.2186114120181,0.5998584388247156,"[(0, '0.551*""ajar"" + 0.341*""teliti"" + 0.329*""siswa"" + 0.161*""studi"" + 0.153*""kembang"" + 0.151*""hasil"" + 0.147*""tingkat"" + 0.133*""sosial"" + 0.118*""kelas"" + 0.105*""tunjuk""'), (1, '-0.600*""studi"" + -0.595*""mec"" + -0.257*""hindu"" + 0.184*""ajar"" + -0.161*""bal"" + -0.150*""komunitas"" + -0.145*""nyepi"" + -0.113*""baliese"" + -0.099*""ritual"" + 0.095*""siswa""'), (2, '0.363*""cara"" + 0.297*""ubah"" + -0.290*""ajar"" + 0.253*""hidup"" + 0.233*""gaya"" + 0.218*""lampung"" + 0.198*""signifikan"" + 0.194*""rakyat"" + 0.170*""orang"" + 0.164*""nilai""'), (3, '0.508*""anak"" + 0.365*""x"" + 0.278*""sekolah"" + 0.249*""nilai"" + 0.190*""tunjuk"" + -0.189*""cara"" + 0.173*""arti"" + 0.169*""tabel"" + 0.169*""ho"" + 0.141*""sama""')]"
FKIP11,[['FKIP11']],177,0.54,4,0.5661563429492605,360.5946676233257,0.536712351385366,"[(0, '-0.540*""ajar"" + -0.312*""teliti"" + -0.240*""hasil"" + -0.236*""kembang"" + -0.207*""siswa"" + -0.198*""model"" + -0.168*""learning"" + -0.160*""data"" + -0.158*""didik"" + -0.145*""guru""'), (1, '0.650*""learning"" + 0.311*""students"" + 0.227*""research"" + -0.222*""ajar"" + 0.184*""development"" + 0.151*""based"" + 0.149*""motivation"" + 0.123*""study"" + 0.115*""using"" + 0.104*""school""'), (2, '-0.648*""ajar"" + 0.282*""kembang"" + 0.270*""teliti"" + 0.220*""didik"" + 0.204*""sekolah"" + 0.200*""data"" + -0.142*""siswa"" + -0.132*""learning"" + 0.122*""kumpul"" + 0.110*""lampung""'), (3, '0.557*""model"" + -0.227*""didik"" + 0.209*""siswa"" + -0.183*""learning"" + -0.181*""teliti"" + 0.159*""bentuk"" + -0.155*""kelas"" + -0.154*""motivation"" + -0.151*""sekolah"" + 0.135*""kurikulum""')]"
FKIP12,[['FKIP12']],161,0.49,4,0.4759859001990601,256.7458576500101,0.5885390139228641,"[(0, '-0.417*""ajar"" + -0.381*""didik"" + -0.241*""teliti"" + -0.211*""siswa"" + -0.193*""bagai"" + -0.173*""karakter"" + -0.150*""jadi"" + -0.148*""masalah"" + -0.142*""cara"" + -0.132*""guru""'), (1, '-0.933*""masalah"" + -0.121*""pecah"" + 0.110*""didik"" + -0.102*""teliti"" + -0.100*""terampil"" + 0.086*""bagai"" + -0.064*""dekat"" + 0.056*""bangsa"" + -0.053*""analis"" + 0.051*""ajar""'), (2, '0.548*""ajar"" + -0.295*""bagai"" + -0.255*""bahasa"" + -0.246*""indonesia"" + 0.245*""siswa"" + -0.237*""bangsa"" + -0.203*""masyarakat"" + -0.151*""budaya"" + -0.139*""language"" + -0.125*""karakter""'), (3, '-0.431*""didik"" + 0.373*""bahasa"" + 0.294*""ajar"" + 0.284*""bagai"" + -0.208*""karakter"" + 0.207*""language"" + 0.175*""siswa"" + 0.172*""indonesia"" + 0.153*""indonesian"" + -0.138*""teliti""')]"
FKIP14,"[['FKIP14'], ['FKIP1', 'FKIP14']]",174,0.53,5,0.42610959620330524,292.1032255871444,0.7184361478050554,"[(0, '-0.521*""bahasa"" + -0.395*""ajar"" + -0.304*""teliti"" + -0.247*""lampung"" + -0.204*""indonesia"" + -0.153*""satu"" + -0.140*""tutur"" + -0.139*""hasil"" + -0.134*""kelompok"" + -0.119*""masyarakat""'), (1, '0.676*""satu"" + 0.665*""kelompok"" + -0.168*""bahasa"" + -0.061*""tutur"" + -0.058*""lampung"" + -0.053*""teliti"" + 0.052*""model"" + 0.051*""pretest"" + 0.051*""posttest"" + 0.049*""studi""'), (2, '-0.572*""bahasa"" + 0.443*""teliti"" + 0.247*""ajar"" + 0.149*""tindak"" + -0.149*""pulau"" + 0.148*""langsung"" + -0.148*""cirebon"" + 0.117*""cara"" + -0.110*""masyarakat"" + 0.110*""hasil""'), (3, '-0.523*""lampung"" + 0.369*""ajar"" + -0.257*""adat"" + -0.253*""masyarakat"" + -0.191*""pesenggiri"" + -0.191*""piil"" + 0.183*""indonesia"" + 0.170*""bahasa"" + -0.162*""hidup"" + -0.150*""orang""'), (4, '-0.408*""ajar"" + 0.366*""teliti"" + 0.349*""tutur"" + -0.304*""lampung"" + 0.216*""tindak"" + 0.214*""bahasa"" + 0.199*""langsung"" + 0.117*""pulau"" + 0.115*""cirebon"" + -0.106*""latih""')]"
FKIP15,[['FKIP15']],271,0.83,4,0.47853607004098186,333.95771526141465,0.7308542766278288,"[(0, '0.475*""ajar"" + 0.368*""siswa"" + 0.294*""hasil"" + 0.294*""teliti"" + 0.156*""tingkat"" + 0.144*""terampil"" + 0.143*""kelas"" + 0.142*""data"" + 0.126*""model"" + 0.126*""sains""'), (1, '-0.522*""bagai"" + 0.359*""siswa"" + -0.325*""tanya"" + 0.237*""gender"" + -0.202*""tingkat"" + -0.189*""guru"" + -0.155*""giat"" + 0.146*""hasil"" + 0.125*""hubung"" + 0.120*""bas""'), (2, '0.503*""bagai"" + 0.416*""siswa"" + 0.279*""tanya"" + 0.215*""gender"" + -0.209*""learning"" + -0.160*""model"" + -0.154*""didik"" + -0.143*""students"" + -0.136*""kelas"" + -0.104*""terampil""'), (3, '-0.384*""ajar"" + 0.380*""bagai"" + -0.353*""guru"" + -0.249*""giat"" + 0.233*""teliti"" + 0.172*""lingkung"" + -0.159*""latih"" + -0.141*""tingkat"" + -0.139*""ipa"" + 0.127*""data""')]"
FKIP16,[['FKIP16']],159,0.49,3,0.5330673746449762,225.21677178796799,0.5502047002283916,"[(0, '-0.601*""ajar"" + -0.354*""teliti"" + -0.263*""siswa"" + -0.149*""pengaruh"" + -0.145*""hasil"" + -0.143*""ekonomi"" + -0.139*""lampung"" + -0.122*""hadap"" + -0.117*""didik"" + -0.110*""sampel""'), (1, '-0.569*""ajar"" + 0.298*""kewirausahaan"" + 0.208*""lampung"" + 0.196*""teliti"" + 0.189*""pengaruh"" + 0.188*""minat"" + 0.172*""hadap"" + 0.155*""berwirausaha"" + 0.153*""uji"" + 0.146*""bandar""'), (2, '-0.405*""orang"" + -0.351*""banyak"" + -0.292*""baik"" + -0.259*""kerja"" + -0.243*""kategori"" + 0.225*""siswa"" + -0.214*""ekonomi"" + 0.172*""ajar"" + 0.157*""kewirausahaan"" + -0.155*""kabupaten""')]"
FKIP17,[['FKIP17']],386,1.18,5,0.4742562865824914,1062.9805686482935,0.6636898044155399,"[(0, '-0.866*""bagai"" + -0.243*""ajar"" + -0.173*""siswa"" + -0.153*""teliti"" + -0.106*""kelas"" + -0.105*""hasil"" + -0.098*""model"" + -0.086*""guru"" + -0.084*""masing"" + -0.068*""fisika""'), (1, '-0.480*""bagai"" + 0.371*""ajar"" + 0.334*""siswa"" + 0.287*""masing"" + 0.236*""teliti"" + 0.189*""hasil"" + 0.119*""terampil"" + 0.118*""kelas"" + 0.116*""learning"" + 0.110*""tingkat""'), (2, '-0.929*""masing"" + 0.106*""learning"" + 0.094*""siswa"" + 0.088*""ajar"" + 0.079*""students"" + 0.070*""model"" + 0.060*""research"" + 0.058*""kelas"" + -0.058*""bagai"" + 0.055*""hasil""'), (3, '0.394*""learning"" + 0.320*""students"" + 0.269*""research"" + 0.185*""based"" + 0.177*""development"" + -0.155*""siswa"" + 0.152*""masing"" + -0.152*""ajar"" + 0.150*""skills"" + 0.149*""test""'), (4, '0.915*""masalah"" + -0.110*""siswa"" + 0.103*""pecah"" + 0.092*""diri"" + -0.088*""kembang"" + 0.087*""balut"" + 0.087*""matematika"" + 0.081*""representasi"" + 0.075*""model"" + -0.062*""pikir""')]"
FKIP18,[['FKIP18']],191,0.58,4,0.49234883112299266,448.15977823915046,0.6056313621806597,"[(0, '0.450*""teliti"" + 0.318*""ajar"" + 0.237*""hasil"" + 0.178*""data"" + 0.176*""lahan"" + 0.169*""faktor"" + 0.166*""tingkat"" + 0.139*""siswa"" + 0.131*""guru"" + 0.121*""jadi""'), (1, '-0.535*""ajar"" + -0.261*""guru"" + 0.248*""lahan"" + -0.218*""siswa"" + 0.215*""faktor"" + 0.184*""tanah"" + 0.164*""ubah"" + 0.148*""distrik"" + 0.148*""pringsewu"" + -0.127*""model""'), (2, '0.366*""tanah"" + 0.326*""guru"" + 0.303*""longsor"" + 0.242*""sekolah"" + 0.208*""tengah"" + -0.205*""faktor"" + -0.197*""teliti"" + -0.140*""hasil"" + 0.138*""jadi"" + -0.135*""ajar""'), (3, '0.359*""guru"" + -0.328*""tanah"" + 0.299*""sekolah"" + -0.273*""ajar"" + -0.251*""longsor"" + -0.192*""siswa"" + -0.162*""jadi"" + 0.158*""tengah"" + -0.154*""model"" + -0.136*""limau""')]"
FKIP19,"[['FKIP19'], ['FKIP19', 'FKIP20', 'FKIP21']]",143,0.44,4,0.4217206703528986,194.52363397260208,0.7536003486035273,"[(0, '-0.523*""ajar"" + -0.391*""teliti"" + -0.311*""hasil"" + -0.266*""siswa"" + -0.215*""didik"" + -0.182*""kelas"" + -0.156*""data"" + -0.147*""sekolah"" + -0.136*""terampil"" + -0.098*""sd""'), (1, '0.394*""terampil"" + 0.388*""bagaimana"" + 0.381*""cara"" + -0.325*""ajar"" + 0.288*""internet"" + 0.235*""siswa"" + 0.198*""tahu"" + 0.159*""sekolah"" + -0.148*""didik"" + 0.127*""kembang""'), (2, '0.295*""didik"" + -0.280*""siswa"" + -0.271*""sekolah"" + -0.259*""learning"" + -0.211*""proyek"" + 0.208*""terampil"" + -0.194*""model"" + -0.187*""based"" + 0.186*""bagaimana"" + -0.158*""research""'), (3, '-0.625*""sekolah"" + 0.263*""ajar"" + 0.185*""bagaimana"" + -0.181*""didik"" + 0.179*""terampil"" + 0.177*""learning"" + 0.161*""students"" + 0.157*""research"" + 0.141*""internet"" + 0.127*""based""')]"
FKIP2,"[['FKIP21'], ['FKIP25'], ['FKIP24'], ['FKIP22'], ['FKIP2'], ['FKIP23'], ['FKIP20'], ['FKIP19', 'FKIP20', 'FKIP21'], ['FKIP23', 'FMIPA3']]",1386,4.23,4,0.5102595257336533,2887.4250633750257,0.5507603066752779,"[(0, '0.458*""siswa"" + 0.421*""ajar"" + 0.381*""teliti"" + 0.174*""hasil"" + 0.166*""kelas"" + 0.153*""tingkat"" + 0.139*""data"" + 0.130*""mampu"" + 0.129*""matematika"" + 0.125*""model""'), (1, '-0.967*""jam"" + -0.239*""standar"" + -0.027*""siswa"" + 0.025*""teliti"" + 0.020*""ajar"" + -0.020*""konsentrasi"" + -0.013*""fotometer"" + -0.013*""fotometri"" + -0.013*""prinsip"" + -0.013*""tantang""'), (2, '0.615*""siswa"" + -0.327*""ajar"" + 0.241*""matematika"" + -0.209*""didik"" + -0.194*""anak"" + -0.189*""musik"" + -0.132*""kembang"" + -0.130*""guru"" + -0.126*""lampung"" + -0.120*""nilai""'), (3, '-0.465*""students"" + -0.342*""learning"" + -0.265*""research"" + 0.224*""siswa"" + -0.222*""class"" + -0.179*""model"" + 0.166*""matematika"" + -0.159*""based"" + -0.154*""skills"" + -0.149*""study""')]"
FKIP20,"[['FKIP20'], ['FKIP19', 'FKIP20', 'FKIP21']]",54,0.16,5,0.6649952221340617,196.05911146888351,0.37592446434343674,"[(0, '0.509*""teliti"" + 0.339*""model"" + 0.225*""kembang"" + 0.219*""latih"" + 0.203*""bola"" + 0.195*""hasil"" + 0.159*""uji"" + 0.138*""siswa"" + 0.125*""laku"" + 0.119*""olahraga""'), (1, '0.352*""kembang"" + 0.317*""model"" + -0.230*""atlet"" + -0.191*""olahraga"" + 0.188*""sekolah"" + 0.187*""bola"" + 0.177*""dribbling"" + 0.167*""uji"" + 0.165*""futsal"" + -0.155*""teliti""'), (2, '0.455*""basi"" + 0.313*""tanggamus"" + 0.284*""bawa"" + 0.272*""manajemen"" + 0.215*""sistem"" + 0.204*""bola"" + 0.201*""basket"" + -0.172*""teliti"" + 0.161*""olahraga"" + -0.142*""cara""'), (3, '-0.551*""cara"" + -0.344*""sukarela"" + -0.212*""dengar"" + -0.204*""pulih"" + -0.188*""max"" + -0.188*""vo"" + -0.185*""signifikan"" + 0.172*""atlet"" + 0.156*""teliti"" + -0.147*""pantau""'), (4, '0.350*""teliti"" + 0.294*""chinup"" + 0.265*""pullup"" + -0.224*""lampung"" + 0.206*""manual"" + 0.195*""ukur"" + -0.179*""atlet"" + 0.177*""otomatis"" + -0.148*""latih"" + -0.141*""olahraga""')]"
FKIP21,"[['FKIP21'], ['FKIP19', 'FKIP20', 'FKIP21']]",476,1.45,4,0.4990151928560983,1161.0937574995605,0.5890013264660121,"[(0, '0.953*""jam"" + 0.237*""standar"" + 0.085*""siswa"" + 0.060*""ajar"" + 0.050*""teliti"" + 0.043*""tingkat"" + 0.041*""kelas"" + 0.028*""model"" + 0.026*""bagai"" + 0.024*""sampel""'), (1, '0.336*""teliti"" + 0.335*""siswa"" + 0.310*""ajar"" + 0.286*""kelas"" + 0.248*""tingkat"" + 0.202*""model"" + -0.170*""jam"" + 0.162*""terampil"" + 0.138*""hasil"" + 0.118*""learning""'), (2, '0.387*""students"" + 0.308*""class"" + 0.291*""learning"" + 0.226*""research"" + 0.202*""skills"" + 0.169*""based"" + -0.169*""ajar"" + -0.164*""teliti"" + 0.162*""student"" + 0.158*""thinking""'), (3, '-0.490*""tahu"" + 0.356*""kelas"" + -0.306*""ajar"" + -0.224*""hasil"" + -0.183*""siswaapan"" + 0.146*""eksperimen"" + 0.145*""kontrol"" + 0.140*""terampil"" + 0.138*""pikir"" + -0.125*""students""')]"
FKIP22,[['FKIP22']],265,0.81,4,0.5470512319174674,512.721160675846,0.5589964858050362,"[(0, '0.658*""siswa"" + 0.355*""matematika"" + 0.298*""teliti"" + 0.284*""ajar"" + 0.166*""mampu"" + 0.148*""kelas"" + 0.141*""data"" + 0.120*""matematis"" + 0.113*""hasil"" + 0.092*""model""'), (1, '-0.831*""matematika"" + 0.229*""siswa"" + -0.186*""diagram"" + -0.154*""beri"" + 0.135*""teliti"" + 0.132*""kelas"" + 0.127*""ajar"" + 0.126*""matematis"" + -0.115*""baca"" + 0.098*""model""'), (2, '0.505*""students"" + -0.408*""siswa"" + 0.259*""mathematical"" + 0.247*""research"" + 0.222*""learning"" + 0.179*""data"" + 0.132*""based"" + 0.128*""model"" + 0.122*""ajar"" + 0.115*""study""'), (3, '0.462*""siswa"" + -0.424*""ajar"" + 0.285*""students"" + -0.200*""teliti"" + -0.179*""masalah"" + -0.173*""kembang"" + -0.153*""guru"" + -0.153*""hasil"" + 0.149*""mathematical"" + -0.140*""mampu""')]"
FKIP23,"[['FKIP23'], ['FKIP23', 'FMIPA3']]",183,0.56,4,0.5113909281218519,317.8699603758171,0.5416860298488968,"[(0, '-0.539*""anak"" + -0.338*""usia"" + -0.293*""dini"" + -0.253*""teliti"" + -0.239*""ajar"" + -0.210*""lanji"" + -0.165*""kembang"" + -0.155*""didik"" + -0.151*""guru"" + -0.124*""sosial""'), (1, '0.648*""lanji"" + -0.295*""teliti"" + 0.271*""semua"" + 0.207*""ajar"" + -0.202*""guru"" + 0.134*""sdgs"" + 0.128*""main"" + 0.126*""didik"" + -0.124*""hasil"" + 0.109*""lalu""'), (2, '0.421*""guru"" + -0.372*""anak"" + 0.336*""ajar"" + 0.225*""paud"" + -0.188*""usia"" + 0.187*""nilai"" + 0.173*""hasil"" + 0.156*""lanji"" + 0.151*""teliti"" + 0.140*""data""'), (3, '0.376*""teliti"" + -0.342*""latih"" + -0.319*""orang"" + -0.297*""tua"" + -0.256*""guru"" + 0.255*""sosial"" + -0.177*""asuh"" + -0.159*""didik"" + 0.146*""hadap"" + 0.135*""perilaku""')]"
FKIP24,[['FKIP24']],159,0.49,3,0.5890686004976042,479.1019235046416,0.44843166167964404,"[(0, '-0.629*""ajar"" + -0.377*""sejarah"" + -0.237*""teliti"" + -0.197*""lampung"" + -0.166*""siswa"" + -0.147*""didik"" + -0.142*""hasil"" + -0.131*""bagai"" + -0.115*""nilai"" + -0.112*""media""'), (1, '0.472*""dokumen"" + -0.428*""lampung"" + -0.287*""sakukha"" + -0.256*""teliti"" + -0.226*""pelihara"" + 0.214*""ajar"" + 0.174*""sejarah"" + 0.168*""pringsewu"" + -0.147*""bagai"" + -0.126*""tradisi""'), (2, '0.610*""dokumen"" + -0.413*""ajar"" + 0.220*""pringsewu"" + 0.197*""sakukha"" + 0.188*""sejarah"" + 0.186*""lampung"" + 0.155*""pelihara"" + 0.152*""historis"" + 0.135*""desa"" + 0.125*""data""')]"
FKIP25,[['FKIP25']],150,0.46,5,0.37875653274016685,158.66069073616342,0.8101570707956839,"[(0, '-0.782*""musik"" + -0.246*""ajar"" + -0.156*""analisis"" + -0.153*""buku"" + -0.134*""bagai"" + -0.132*""seni"" + -0.115*""didik"" + -0.109*""lampung"" + -0.101*""teliti"" + -0.094*""bentuk""'), (1, '-0.426*""seni"" + 0.394*""musik"" + -0.379*""lampung"" + -0.268*""tari"" + -0.202*""tunjuk"" + -0.198*""teliti"" + -0.188*""data"" + -0.177*""ajar"" + -0.146*""nilai"" + -0.116*""media""'), (2, '0.595*""seni"" + -0.256*""data"" + -0.220*""tari"" + -0.217*""ajar"" + -0.196*""learning"" + -0.196*""dance"" + -0.192*""bedana"" + -0.162*""latih"" + 0.160*""buku"" + 0.155*""tunjuk""'), (3, '-0.576*""lampung"" + 0.307*""ajar"" + 0.304*""seni"" + 0.181*""didik"" + -0.150*""nilai"" + -0.148*""tradisional"" + -0.146*""analisis"" + -0.141*""bahasa"" + 0.134*""latih"" + 0.117*""data""'), (4, '-0.447*""ajar"" + 0.355*""analisis"" + -0.283*""lampung"" + 0.209*""bentuk"" + 0.169*""tari"" + -0.164*""nilai"" + 0.143*""bedana"" + 0.142*""seni"" + 0.131*""data"" + 0.130*""karya""')]"
FKIP3,[['FKIP3']],111,0.34,4,0.5726408050929858,244.2289309116912,0.46422640924735165,"[(0, '-0.457*""cara"" + -0.407*""empiris"" + -0.294*""teliti"" + -0.280*""siswa"" + -0.232*""hasil"" + -0.216*""ajar"" + -0.208*""kembang"" + -0.151*""nilai"" + -0.128*""kelas"" + -0.125*""sekolah""'), (1, '0.533*""cara"" + 0.513*""empiris"" + -0.201*""ajar"" + -0.192*""students"" + -0.185*""learning"" + -0.183*""siswa"" + -0.181*""hasil"" + -0.170*""teliti"" + -0.119*""based"" + -0.116*""model""'), (2, '-0.429*""students"" + -0.361*""learning"" + -0.221*""research"" + -0.190*""based"" + 0.187*""siswa"" + 0.180*""teliti"" + 0.179*""hasil"" + 0.172*""ajar"" + -0.166*""school"" + -0.139*""elementary""'), (3, '0.347*""proyek"" + 0.327*""ajar"" + -0.282*""teliti"" + 0.249*""model"" + 0.247*""siswa"" + -0.209*""instrumen"" + 0.203*""kerja"" + 0.183*""lembar"" + -0.183*""didik"" + 0.164*""orientasi""')]"
FKIP4,[['FKIP4']],169,0.52,4,0.5083243542013264,390.50314149220117,0.5693958269687306,"[(0, '-0.462*""siswa"" + -0.363*""ajar"" + -0.306*""sistem"" + -0.244*""perlu"" + -0.232*""teliti"" + -0.204*""hasil"" + -0.167*""model"" + -0.163*""terampil"" + -0.143*""kelas"" + -0.142*""tunjuk""'), (1, '-0.705*""sistem"" + -0.544*""perlu"" + 0.209*""ajar"" + 0.160*""siswa"" + 0.138*""hasil"" + 0.124*""model"" + 0.113*""teliti"" + 0.106*""kelas"" + 0.089*""tunjuk"" + 0.083*""terampil""'), (2, '-0.444*""ajar"" + 0.296*""junior"" + -0.264*""model"" + -0.226*""hasil"" + 0.204*""siswa"" + 0.188*""students"" + 0.174*""data"" + 0.172*""tengah"" + -0.156*""kelas"" + 0.150*""pertama""'), (3, '-0.397*""students"" + -0.325*""learning"" + -0.216*""science"" + 0.200*""siswa"" + -0.188*""stem"" + -0.182*""study"" + -0.170*""ajar"" + -0.156*""teaching"" + -0.154*""class"" + -0.145*""model""')]"
FKIP5,[['FKIP5']],150,0.46,4,0.5267754730257524,410.76322111262914,0.5189634631447986,"[(0, '-0.608*""hasil"" + -0.371*""sekolah"" + -0.235*""siswa"" + -0.230*""teliti"" + -0.221*""ajar"" + -0.208*""guru"" + -0.176*""cara"" + -0.136*""pimpin"" + -0.127*""kerja"" + -0.105*""signifikan""'), (1, '-0.754*""hasil"" + 0.400*""sekolah"" + 0.215*""siswa"" + 0.145*""cara"" + 0.134*""ajar"" + 0.106*""teliti"" + 0.095*""signifikan"" + 0.094*""model"" + 0.082*""guru"" + 0.082*""school""'), (2, '0.629*""siswa"" + -0.408*""sekolah"" + 0.307*""ajar"" + 0.195*""signifikan"" + 0.174*""cara"" + -0.164*""model"" + 0.125*""kuesioner"" + -0.120*""good"" + -0.119*""governance"" + -0.114*""kepala""'), (3, '0.391*""guru"" + -0.317*""model"" + -0.264*""siswa"" + 0.263*""manajemen"" + -0.240*""good"" + -0.238*""governance"" + 0.222*""kerja"" + 0.217*""utama"" + -0.200*""sekolah"" + -0.192*""school""')]"
FKIP6,[['FKIP6']],20,0.06,3,0.7068854737147208,154.27503108308755,0.3192405471217982,"[(0, '0.644*""sekolah"" + 0.269*""guru"" + 0.173*""teliti"" + 0.172*""lampung"" + 0.153*""hijau"" + 0.147*""global"" + 0.133*""manajemen"" + 0.126*""model"" + 0.119*""tingkat"" + 0.116*""tahu""'), (1, '0.444*""involvement"" + 0.410*""learning"" + 0.307*""parental"" + 0.294*""outcomes"" + 0.239*""education"" + 0.192*""school"" + 0.165*""research"" + 0.147*""students"" + 0.125*""well"" + 0.117*""teachers""'), (2, '0.462*""leadership"" + 0.407*""school"" + 0.314*""student"" + 0.313*""achievement"" + -0.249*""learning"" + 0.179*""influence"" + -0.149*""outcomes"" + 0.134*""principals"" + 0.134*""domains"" + -0.104*""relationship""')]"
FKIP7,[['FKIP7']],62,0.19,4,0.4786003039599578,74.02902820319596,0.7254216191301757,"[(0, '0.720*""lampung"" + 0.357*""bahasa"" + 0.287*""lama"" + 0.191*""ajar"" + 0.177*""teliti"" + 0.144*""cara"" + 0.094*""guru"" + 0.092*""bagai"" + 0.088*""dialek"" + 0.079*""buku""'), (1, '0.662*""code"" + 0.314*""switching"" + 0.261*""mixing"" + 0.261*""talkshow"" + 0.209*""putih"" + 0.209*""hitam"" + 0.162*""speech"" + 0.131*""language"" + 0.129*""one"" + 0.113*""used""'), (2, '-0.491*""klausa"" + -0.411*""cara"" + -0.351*""semantik"" + -0.350*""konjungsi"" + 0.199*""lama"" + -0.193*""hubung"" + -0.192*""independen"" + 0.180*""lampung"" + -0.177*""tambah"" + -0.147*""lebih""'), (3, '-0.323*""lama"" + 0.267*""teliti"" + 0.252*""adat"" + -0.225*""lampung"" + 0.216*""tradisi"" + 0.212*""tulus"" + -0.199*""klausa"" + 0.182*""ajar"" + -0.171*""nyambai"" + 0.153*""upacara""')]"
FKIP8,[['FKIP8']],103,0.31,4,0.57042570778687,357.7135452704851,0.4520157486004975,"[(0, '0.380*""ajar"" + 0.322*""teliti"" + 0.250*""hasil"" + 0.221*""bahasa"" + 0.196*""tulis"" + 0.178*""siswa"" + 0.177*""indonesia"" + 0.169*""bagai"" + 0.161*""siklus"" + 0.161*""kategori""'), (1, '-0.391*""bahasa"" + 0.323*""siklus"" + 0.255*""kategori"" + -0.224*""indonesia"" + -0.216*""language"" + 0.174*""baik"" + 0.167*""hasil"" + -0.144*""data"" + 0.137*""ikut"" + 0.133*""sangat""'), (2, '0.323*""siklus"" + -0.263*""ikut"" + 0.261*""lampung"" + -0.255*""hasil"" + 0.205*""ajar"" + 0.199*""kategori"" + -0.185*""cara"" + -0.172*""tulis"" + 0.164*""language"" + 0.157*""baik""'), (3, '0.356*""ikut"" + 0.254*""hasil"" + 0.222*""bahasa"" + -0.220*""teliti"" + -0.219*""data"" + 0.196*""siswa"" + -0.186*""keluarga"" + 0.141*""language"" + -0.139*""sastra"" + -0.135*""bagai""')]"
FKIP9,[['FKIP9']],508,1.55,4,0.523265352234071,855.1331555924119,0.5248570725847749,"[(0, '0.834*""bagai"" + 0.254*""ajar"" + 0.217*""siswa"" + 0.176*""teliti"" + 0.108*""model"" + 0.107*""guru"" + 0.096*""hasil"" + 0.089*""kembang"" + 0.089*""terampil"" + 0.081*""kelas""'), (1, '-0.538*""bagai"" + 0.376*""siswa"" + 0.337*""ajar"" + 0.247*""teliti"" + 0.165*""kembang"" + 0.164*""terampil"" + 0.149*""hasil"" + 0.133*""pikir"" + 0.117*""nilai"" + 0.117*""analisis""'), (2, '0.432*""students"" + 0.379*""learning"" + 0.192*""research"" + 0.175*""using"" + 0.172*""study"" + 0.161*""test"" + 0.160*""thinking"" + 0.156*""skills"" + 0.141*""based"" + 0.129*""design""'), (3, '0.612*""sekolah"" + 0.433*""junior"" + 0.364*""tengah"" + 0.336*""pertama"" + 0.195*""model"" + 0.158*""media"" + 0.121*""tik"" + -0.119*""siswa"" + 0.080*""sps"" + 0.077*""manfaat""')]"
FMIPA1,"[['FMIPA1'], ['FMIPA10'], ['FMIPA1', 'FMIPA4']]",415,1.27,4,0.5523061147930384,1565.7824627445718,0.5020236426628106,"[(0, '-0.281*""tunjuk"" + -0.274*""hasil"" + -0.262*""suhu"" + -0.250*""sampel"" + -0.218*""c"" + -0.182*""tingkat"" + -0.179*""laku"" + -0.171*""teliti"" + -0.154*""bagai"" + -0.139*""metode""'), (1, '-0.596*""tunjuk"" + -0.501*""puncak"" + -0.285*""sebut"" + 0.251*""suhu"" + 0.125*""hingga"" + 0.121*""tingkat"" + 0.121*""c"" + -0.113*""tio"" + 0.088*""data"" + -0.088*""tipis""'), (2, '0.303*""c"" + 0.196*""suhu"" + -0.173*""konsentrasi"" + -0.160*""air"" + -0.159*""ukur"" + -0.157*""hasil"" + -0.155*""teliti"" + -0.155*""sistem"" + -0.154*""bagai"" + 0.146*""sintering""'), (3, '0.332*""suhu"" + -0.198*""inhibitor"" + 0.181*""tingkat"" + -0.167*""nacl"" + -0.167*""using"" + -0.150*""samples"" + -0.142*""results"" + -0.136*""corrosion"" + -0.135*""rate"" + 0.133*""hingga""')]"
FMIPA10,[['FMIPA10']],18,0.05,4,0.5849994556371495,126.75359083347989,0.4350038005998942,"[(0, '-0.429*""telur"" + -0.241*""teliti"" + -0.229*""bebek"" + -0.213*""sistem"" + -0.209*""balita"" + -0.152*""hasil"" + -0.152*""posyandu"" + -0.146*""baik"" + -0.144*""masyarakat"" + -0.131*""milik""'), (1, '-0.457*""balita"" + -0.332*""posyandu"" + 0.327*""telur"" + -0.211*""orang"" + -0.208*""tua"" + 0.174*""bebek"" + -0.167*""sehat"" + -0.166*""anak"" + -0.166*""status"" + -0.159*""aplikasi""'), (2, '0.454*""telur"" + 0.242*""bebek"" + -0.211*""teliti"" + -0.206*""informasi"" + -0.180*""teknologi"" + -0.168*""hasil"" + -0.130*""xyz"" + -0.130*""pt"" + -0.130*""level"" + -0.123*""usaha""'), (3, '-0.281*""customer"" + -0.242*""method"" + -0.234*""loyalty"" + -0.233*""using"" + -0.222*""chord"" + -0.190*""classification"" + -0.159*""research"" + -0.158*""model"" + -0.158*""fast"" + -0.140*""performance""')]"
FMIPA2,[['FMIPA2']],1724,5.26,4,0.4582402589032583,4449.4118702643145,0.6466400133686881,"[(0, '0.421*""tanam"" + 0.271*""teliti"" + 0.209*""hasil"" + 0.178*""laku"" + 0.162*""tunjuk"" + 0.155*""ekstrak"" + 0.149*""tumbuh"" + 0.148*""tingkat"" + 0.145*""bagai"" + 0.143*""hadap""'), (1, '0.847*""tanam"" + -0.158*""teliti"" + 0.147*""atas"" + -0.106*""sp"" + -0.102*""hasil"" + -0.100*""ppm"" + -0.095*""mg"" + -0.084*""tunjuk"" + -0.083*""ekstrak"" + -0.082*""p""'), (2, '-0.367*""anggrek"" + -0.299*""sakit"" + -0.277*""infeksi"" + 0.253*""ekstrak"" + -0.227*""sp"" + -0.192*""gejala"" + -0.184*""virus"" + 0.169*""v"" + -0.149*""liwa"" + -0.144*""dendrobium""'), (3, '0.337*""ppm"" + 0.266*""fusarium"" + 0.223*""v"" + -0.197*""kelompok"" + -0.192*""ekstrak"" + 0.173*""fusaric"" + 0.169*""konsentrasi"" + 0.145*""vitro"" + 0.137*""total"" + 0.133*""asam""')]"
FMIPA3,"[['FMIPA3'], ['FKIP23', 'FMIPA3']]",518,1.58,5,0.44606173739847604,1234.0575192318533,0.6570492753524373,"[(0, '0.619*""bagai"" + 0.536*""tambah"" + 0.216*""sistem"" + 0.208*""teliti"" + 0.144*""tuju"" + 0.112*""metode"" + 0.112*""hasil"" + 0.090*""uji"" + 0.089*""data"" + 0.083*""informasi""'), (1, '0.431*""tambah"" + 0.355*""bagai"" + -0.349*""teliti"" + -0.263*""tuju"" + -0.237*""sistem"" + -0.150*""obat"" + -0.141*""data"" + -0.127*""informasi"" + -0.127*""hasil"" + -0.119*""lampung""'), (2, '-0.557*""tuju"" + -0.403*""teliti"" + 0.330*""sistem"" + 0.183*""informasi"" + 0.159*""lampung"" + -0.153*""gabor"" + 0.127*""kembang"" + -0.118*""parameter"" + 0.117*""data"" + 0.105*""layan""'), (3, '-0.530*""obat"" + -0.362*""catat"" + -0.283*""rekomendasi"" + 0.237*""tuju"" + -0.208*""dosis"" + -0.178*""model"" + -0.159*""pasien"" + 0.153*""sistem"" + -0.150*""antidiabetes"" + 0.129*""informasi""'), (4, '-0.824*""catat"" + 0.285*""obat"" + 0.156*""rekomendasi"" + -0.112*""nilai"" + 0.111*""dosis"" + -0.108*""masalah"" + -0.098*""tuju"" + 0.091*""pasien"" + 0.080*""antidiabetes"" + 0.071*""model""')]"
FMIPA4,"[['FMIPA4'], ['FMIPA1', 'FMIPA4']]",1079,3.29,4,0.5402759459300405,3901.1741830376673,0.5520690230154774,"[(0, '0.402*""hasil"" + 0.262*""bagai"" + 0.250*""senyawa"" + 0.246*""laku"" + 0.214*""tunjuk"" + 0.190*""teliti"" + 0.184*""metode"" + 0.137*""uji"" + 0.131*""tingkat"" + 0.121*""jadi""'), (1, '-0.569*""ii"" + -0.444*""cu"" + -0.369*""ion"" + -0.237*""adsorption"" + -0.151*""cd"" + -0.134*""iip"" + -0.113*""ionic"" + -0.101*""adsorben"" + -0.100*""solution"" + -0.091*""adsorpsi""'), (2, '-0.563*""iv"" + -0.359*""senyawa"" + 0.203*""tingkat"" + -0.190*""organotin"" + 0.177*""masyarakat"" + 0.131*""giat"" + 0.130*""bahan"" + 0.126*""jadi"" + -0.120*""aktivitas"" + 0.119*""desa""'), (3, '0.317*""iv"" + 0.267*""masyarakat"" + 0.231*""giat"" + -0.228*""enzim"" + 0.219*""buat"" + 0.184*""desa"" + 0.160*""sampah"" + -0.149*""hasil"" + 0.134*""produk"" + -0.132*""murni""')]"
FMIPA5,"[['FMIPA5'], ['FISIP1', 'FMIPA5', 'FT5', 'FT8']]",127,0.39,4,0.7173196488872811,684.3202966357865,0.3836404387412406,"[(0, '0.359*""sp"" + 0.224*""taurine"" + 0.214*""extract"" + 0.190*""benzo"" + 0.182*""mg"" + 0.174*""mice"" + 0.166*""pyrene"" + 0.145*""male"" + 0.144*""steroid"" + 0.139*""induced""'), (1, '-0.278*""sp"" + -0.233*""hasil"" + 0.218*""steroid"" + 0.206*""crayfish"" + 0.179*""extract"" + -0.179*""teliti"" + 0.159*""sea"" + -0.159*""laku"" + 0.157*""juvenile"" + 0.147*""cucumber""'), (2, '0.294*""taurine"" + 0.273*""benzo"" + 0.237*""pyrene"" + 0.230*""mice"" + -0.212*""steroid"" + -0.202*""crayfish"" + 0.190*""induced"" + 0.165*""given"" + -0.157*""sea"" + -0.154*""juvenile""'), (3, '-0.436*""sp"" + 0.242*""ekstrak"" + 0.158*""gamal"" + 0.155*""daun"" + 0.149*""hasil"" + 0.148*""air"" + -0.140*""ppt"" + -0.140*""bacillus"" + 0.138*""taurine"" + 0.129*""extract""')]"
FMIPA6,"[['FMIPA6'], ['FMIPA6', 'FT6']]",33,0.1,3,0.6814721064522494,337.00487719950945,0.30965931569295285,"[(0, '0.331*""tunjuk"" + 0.255*""hasil"" + 0.236*""c"" + 0.214*""tingkat"" + 0.191*""sampel"" + 0.189*""suhu"" + 0.167*""laku"" + 0.161*""silika"" + 0.136*""xrd"" + 0.135*""teliti""'), (1, '-0.329*""transformasi"" + -0.284*""fourier"" + -0.259*""lignin"" + -0.237*""tunjuk"" + -0.219*""sini"" + 0.203*""c"" + -0.182*""ccc"" + -0.182*""cladophora"" + -0.182*""tampak"" + -0.181*""kisar""'), (2, '0.392*""semen"" + 0.348*""pcc"" + -0.330*""c"" + 0.222*""buat"" + 0.174*""lahat"" + -0.147*""suhu"" + 0.139*""bentuk"" + 0.139*""fly"" + 0.139*""abu"" + 0.139*""ash""')]"
FMIPA7,[['FMIPA7']],75,0.23,3,0.7477607197679275,363.1038901931086,0.39955112036886437,"[(0, '0.315*""hasil"" + 0.309*""bagai"" + 0.285*""teliti"" + 0.184*""tunjuk"" + 0.169*""kurang"" + 0.154*""jamur"" + 0.146*""metode"" + 0.137*""kerak"" + 0.133*""bentuk"" + 0.132*""silika""'), (1, '0.369*""silika"" + 0.351*""zeolit"" + 0.334*""mor"" + 0.312*""pori"" + 0.243*""hirarki"" + -0.196*""jamur"" + 0.152*""scba"" + 0.146*""sintesis"" + 0.133*""karakterisasi"" + -0.127*""endofit""'), (2, '-0.453*""jamur"" + -0.293*""endofit"" + 0.224*""kerak"" + 0.189*""inhibitor"" + 0.185*""caco"" + 0.184*""kemenyan"" + -0.179*""grandiflora"" + 0.173*""bentuk"" + 0.172*""tahun"" + 0.160*""industri""')]"
FMIPA8,[['FMIPA8']],46,0.14,3,0.8640376694310884,382.52218192826217,0.22283259838825378,"[(0, '-0.527*""model"" + -0.240*""test"" + -0.210*""parameters"" + -0.193*""using"" + -0.179*""probability"" + -0.174*""learning"" + -0.152*""linear"" + -0.147*""ratio"" + -0.147*""data"" + -0.132*""study""'), (1, '0.475*""probability"" + 0.366*""migrate"" + 0.299*""jawa"" + 0.233*""migration"" + 0.232*""high"" + 0.200*""kalimantan"" + 0.166*""sumatra"" + 0.166*""malu"" + 0.166*""people"" + 0.166*""papua""'), (2, '0.317*""learning"" + 0.302*""test"" + -0.280*""parameters"" + 0.217*""mathematical"" + -0.200*""ratio"" + -0.199*""linear"" + 0.186*""ttw"" + 0.186*""ability"" + -0.159*""rank"" + -0.159*""column""')]"
FMIPA9,"[['FMIPA9'], ['FMIPA9', 'FT5', 'FT8']]",1033,3.15,4,0.5642975938020434,3243.6502301559544,0.6303855748579463,"[(0, '0.484*""metode"" + 0.355*""model"" + 0.341*""data"" + 0.215*""hasil"" + 0.206*""teliti"" + 0.165*""nilai"" + 0.141*""parameter"" + 0.124*""analisis"" + 0.117*""distribusi"" + 0.113*""sebut""'), (1, '0.982*""siswa"" + 0.064*""pikir"" + 0.064*""matematika"" + 0.064*""kritis"" + 0.064*""disposisi"" + -0.048*""metode"" + 0.044*""teliti"" + 0.032*""ajar"" + 0.026*""bentuk"" + 0.026*""kualitatif""'), (2, '0.452*""g"" + 0.349*""v"" + 0.290*""n"" + 0.290*""graf"" + 0.240*""c"" + -0.217*""model"" + -0.196*""data"" + 0.165*""k"" + 0.147*""x"" + 0.130*""grafik""'), (3, '-0.550*""metode"" + 0.458*""model"" + 0.348*""data"" + 0.164*""g"" + -0.129*""sama"" + 0.114*""n"" + 0.105*""variabel"" + 0.094*""using"" + 0.087*""waktu"" + 0.083*""gantung""')]"
FP1,"[['FP1'], ['FP18'], ['FP19'], ['FP12'], ['FP17'], ['FP15'], ['FP14'], ['FP5', 'FP6', 'FP7', 'FP8', 'FP10', 'FP11', 'FP12', 'FP13', 'FP14', 'FP15', 'FP16', 'FP27', 'FP26', 'FP17', 'FP24', 'FP20', 'FP18'], ['FP11'], ['FH1', 'FP1'], ['FP15', 'FP19'], ['FP19', 'FP22'], ['FP16'], ['FP13'], ['FP1', 'FP25'], ['FP19', 'FP22', 'FT9', 'FT13', 'FT14', 'FT12', 'FT3', 'FT2'], ['FK1', 'FP19', 'FP22'], ['FP1', 'FP25', 'FP2', 'FP24', 'FP19', 'FP22'], ['FT14', 'FP19']]",3758,11.48,5,0.5565772378114728,7450.062785750685,0.5477881318285711,"[(0, '0.338*""teliti"" + 0.324*""tani"" + 0.277*""hasil"" + 0.224*""lampung"" + 0.195*""tingkat"" + 0.180*""laku"" + 0.146*""cara"" + 0.135*""rumah"" + 0.130*""pangan"" + 0.129*""data""'), (1, '0.564*""tani"" + 0.304*""tangga"" + 0.304*""rumah"" + -0.267*""hasil"" + 0.208*""pangan"" + -0.168*""air"" + 0.121*""padi"" + -0.118*""bagai"" + -0.114*""teliti"" + -0.108*""laku""'), (2, '-0.401*""lampung"" + 0.284*""hasil"" + -0.247*""research"" + 0.229*""rumah"" + 0.224*""tangga"" + -0.160*""data"" + -0.152*""rice"" + -0.144*""farmers"" + -0.140*""analysis"" + -0.137*""study""'), (3, '-0.610*""tani"" + 0.367*""rumah"" + 0.354*""tangga"" + 0.289*""pangan"" + 0.220*""makan"" + 0.112*""konsumsi"" + 0.099*""lampung"" + 0.096*""data"" + 0.084*""research"" + 0.084*""tahan""'), (4, '0.435*""hasil"" + -0.357*""bagai"" + -0.260*""lebih"" + -0.224*""produk"" + -0.204*""hutan"" + -0.204*""tahu"" + -0.165*""tingkat"" + 0.158*""tangga"" + -0.151*""masyarakat"" + 0.150*""rumah""')]"
FP11,"[['FP5', 'FP6', 'FP7', 'FP8', 'FP10', 'FP11', 'FP12', 'FP13', 'FP14', 'FP15', 'FP16', 'FP27', 'FP26', 'FP17', 'FP24', 'FP20', 'FP18'], ['FP11']]",217,0.66,4,0.4856209094792573,235.62777043944124,0.5907029633212292,"[(0, '0.574*""hutan"" + 0.306*""lebih"" + 0.299*""tahu"" + 0.202*""masyarakat"" + 0.173*""hasil"" + 0.144*""lampung"" + 0.138*""kurang"" + 0.137*""tingkat"" + 0.130*""teliti"" + 0.122*""kelola""'), (1, '0.594*""lebih"" + 0.521*""tahu"" + 0.289*""kurang"" + -0.167*""hasil"" + -0.157*""masyarakat"" + -0.151*""hutan"" + -0.124*""lampung"" + -0.093*""gender"" + -0.088*""sosial"" + -0.087*""teliti""'), (2, '-0.418*""gender"" + 0.311*""hutan"" + -0.278*""cccd"" + 0.186*""kph"" + -0.164*""around"" + -0.154*""peran"" + -0.143*""b"" + -0.140*""jaya"" + -0.139*""community"" + -0.137*""forest""'), (3, '0.528*""hasil"" + -0.391*""kph"" + 0.247*""selesai"" + -0.183*""hutan"" + 0.157*""sosial"" + 0.134*""konservasi"" + -0.133*""bangun"" + 0.126*""keanekaragaman"" + 0.125*""hayati"" + 0.120*""masyarakat""')]"
FP12,"[['FP12'], ['FP5', 'FP6', 'FP7', 'FP8', 'FP10', 'FP11', 'FP12', 'FP13', 'FP14', 'FP15', 'FP16', 'FP27', 'FP26', 'FP17', 'FP24', 'FP20', 'FP18']]",72,0.22,5,0.5318841606809271,160.80930784640486,0.5091538986138616,"[(0, '-0.344*""anc"" + -0.321*""sehat"" + -0.271*""teliti"" + -0.243*""sosial"" + -0.232*""nilai"" + -0.208*""variabel"" + -0.185*""lingkung"" + -0.179*""lampung"" + -0.160*""pengaruh"" + -0.149*""signifikan""'), (1, '-0.701*""sosial"" + -0.315*""ekstensi"" + 0.303*""anc"" + 0.227*""sehat"" + 0.167*""nilai"" + -0.142*""elit"" + -0.141*""jaring"" + -0.111*""modal"" + -0.110*""norma"" + -0.095*""lokal""'), (2, '-0.427*""anc"" + -0.276*""sosial"" + -0.268*""sehat"" + 0.245*""cara"" + 0.244*""pengaruh"" + 0.231*""signifikan"" + 0.169*""hadap"" + -0.155*""nilai"" + -0.133*""ditilai"" + 0.133*""air""'), (3, '0.447*""signifikan"" + 0.354*""cara"" + 0.241*""langgan"" + 0.219*""unjung"" + 0.210*""pengaruh"" + 0.165*""h"" + -0.160*""air"" + -0.158*""hadap"" + -0.148*""rabies"" + 0.138*""puas""'), (4, '0.415*""kecil"" + 0.371*""pagarjaya"" + 0.337*""pulau"" + 0.230*""laut"" + 0.229*""sawar"" + -0.210*""rabies"" + 0.188*""ekowisata"" + 0.164*""desa"" + -0.150*""nyata"" + -0.146*""hadap""')]"
FP13,"[['FP5', 'FP6', 'FP7', 'FP8', 'FP10', 'FP11', 'FP12', 'FP13', 'FP14', 'FP15', 'FP16', 'FP27', 'FP26', 'FP17', 'FP24', 'FP20', 'FP18'], ['FP13']]",18,0.05,3,0.8379093817238945,168.0382969657966,0.2467429630641803,"[(0, '0.359*""masyarakat"" + 0.270*""tingkat"" + 0.264*""iklim"" + 0.246*""teliti"" + 0.201*""program"" + 0.170*""laksana"" + 0.169*""ubah"" + 0.158*""partisipasi"" + 0.155*""sanitasi"" + 0.144*""bagai""'), (1, '0.422*""ppl"" + 0.333*""suluh"" + 0.324*""internet"" + 0.275*""media"" + 0.259*""tani"" + 0.225*""extension"" + 0.221*""lapang"" + 0.189*""agricultural"" + 0.143*""workers"" + -0.142*""masyarakat""'), (2, '-0.418*""iklim"" + -0.262*""ubah"" + 0.194*""tingkat"" + 0.194*""puas"" + 0.192*""layan"" + -0.172*""proklim"" + 0.150*""sanitasi"" + -0.140*""kampung"" + 0.138*""madu"" + -0.138*""bawah""')]"
FP14,"[['FP14'], ['FP5', 'FP6', 'FP7', 'FP8', 'FP10', 'FP11', 'FP12', 'FP13', 'FP14', 'FP15', 'FP16', 'FP27', 'FP26', 'FP17', 'FP24', 'FP20', 'FP18']]",12,0.04,5,0.5355833326120225,57.334468308557405,0.38090637897889834,"[(0, '0.329*""teliti"" + 0.286*""laku"" + 0.261*""program"" + 0.241*""tani"" + 0.199*""internet"" + 0.183*""krpl"" + 0.181*""tingkat"" + 0.161*""desa"" + 0.134*""hasil"" + 0.125*""ekstensi""'), (1, '0.614*""internet"" + 0.341*""agen"" + 0.340*""ekstensi"" + 0.137*""jaring"" + 0.133*""fasilitas"" + -0.130*""desa"" + 0.114*""tani"" + -0.112*""laku"" + 0.102*""bas"" + 0.102*""informasi""'), (2, '0.408*""krpl"" + 0.394*""program"" + -0.189*""desa"" + 0.188*""kembang"" + -0.178*""laku"" + 0.168*""tingkat"" + 0.158*""rumah"" + -0.157*""jaya"" + -0.151*""bumisari"" + -0.129*""mediasi""'), (3, '0.273*""tani"" + 0.250*""sistem"" + 0.225*""terap"" + 0.197*""laku"" + -0.187*""bumisari"" + -0.161*""warga"" + -0.161*""mediasi"" + -0.158*""program"" + 0.153*""suluh"" + -0.148*""lampung""'), (4, '0.415*""acak"" + 0.323*""rcbd"" + 0.231*""probiotik"" + 0.222*""pengaruh"" + 0.185*""nanas"" + 0.185*""jahe"" + 0.185*""glukosa"" + 0.185*""merah"" + 0.185*""asam"" + 0.185*""bakteri""')]"
FP15,"[['FP15'], ['FP5', 'FP6', 'FP7', 'FP8', 'FP10', 'FP11', 'FP12', 'FP13', 'FP14', 'FP15', 'FP16', 'FP27', 'FP26', 'FP17', 'FP24', 'FP20', 'FP18'], ['FP15', 'FP19']]",60,0.18,4,0.7088144843687648,259.85141418602103,0.3333115890687751,"[(0, '-0.488*""kopi"" + -0.362*""bunga"" + -0.247*""bahan"" + -0.215*""hasil"" + -0.158*""bakar"" + -0.151*""analisis"" + -0.148*""tingkat"" + -0.140*""energi"" + -0.137*""nilai"" + -0.122*""proses""'), (1, '-0.485*""kopi"" + -0.357*""bunga"" + 0.323*""bahan"" + 0.286*""bakar"" + 0.245*""energi"" + 0.210*""kurang"" + 0.170*""parameter"" + 0.164*""analisis"" + 0.142*""tebu"" + 0.128*""jumlah""'), (2, '-0.589*""lokal"" + -0.588*""cara"" + 0.141*""bakar"" + -0.141*""tanam"" + 0.124*""bahan"" + 0.096*""analisis"" + -0.094*""tumbuh"" + -0.092*""hambat"" + -0.088*""ekstrak"" + 0.084*""parameter""'), (3, '-0.319*""lokal"" + -0.275*""cara"" + 0.225*""kulit"" + 0.190*""pisang"" + 0.183*""coli"" + 0.181*""ekstrak"" + -0.179*""bakar"" + -0.142*""kopi"" + 0.141*""produk"" + 0.141*""lebih""')]"
FP17,"[['FP17'], ['FP5', 'FP6', 'FP7', 'FP8', 'FP10', 'FP11', 'FP12', 'FP13', 'FP14', 'FP15', 'FP16', 'FP27', 'FP26', 'FP17', 'FP24', 'FP20', 'FP18']]",389,1.19,4,0.49316798275191354,515.4441551392274,0.7053134602840629,"[(0, '0.320*""teliti"" + 0.313*""p"" + 0.260*""kambing"" + 0.233*""kg"" + 0.201*""laku"" + 0.199*""hasil"" + 0.161*""lampung"" + 0.137*""cara"" + 0.129*""berat"" + 0.127*""beri""'), (1, '-0.433*""kambing"" + 0.378*""p"" + -0.280*""saburai"" + -0.170*""rata"" + -0.153*""sapih"" + -0.144*""susu"" + 0.132*""ransum"" + 0.132*""air"" + 0.127*""deskriptif"" + -0.127*""bobot""'), (2, '0.658*""kg"" + -0.259*""susu"" + -0.242*""kambing"" + -0.192*""cara"" + 0.161*""badan"" + 0.158*""berat"" + -0.149*""deskriptif"" + -0.124*""analis"" + 0.110*""sativa"" + 0.105*""cattle""'), (3, '0.332*""cara"" + 0.328*""deskriptif"" + 0.275*""kg"" + -0.241*""cattle"" + -0.237*""r"" + -0.174*""research"" + -0.155*""lampung"" + 0.135*""air"" + -0.127*""ransum"" + 0.122*""sperma""')]"
FP18,"[['FP18'], ['FP5', 'FP6', 'FP7', 'FP8', 'FP10', 'FP11', 'FP12', 'FP13', 'FP14', 'FP15', 'FP16', 'FP27', 'FP26', 'FP17', 'FP24', 'FP20', 'FP18']]",973,2.97,5,0.5249132742464313,1683.4307943681306,0.5559149787563993,"[(0, '-0.300*""pupuk"" + -0.273*""teliti"" + -0.264*""air"" + -0.245*""hasil"" + -0.225*""tanam"" + -0.197*""kompos"" + -0.158*""laku"" + -0.138*""kadar"" + -0.132*""pellet"" + -0.122*""bagai""'), (1, '0.433*""pupuk"" + 0.285*""kompos"" + 0.232*""pellet"" + -0.176*""kopi"" + -0.170*""sampel"" + -0.163*""bagai"" + -0.163*""coffee"" + -0.135*""jelas"" + -0.134*""air"" + 0.132*""npk""'), (2, '0.340*""coffee"" + 0.261*""kopi"" + 0.252*""jelas"" + -0.237*""minyak"" + 0.215*""sampel"" + 0.197*""pupuk"" + 0.158*""pisah"" + -0.150*""besar"" + -0.144*""air"" + 0.140*""using""'), (3, '0.532*""minyak"" + -0.499*""air"" + 0.209*""kelapa"" + 0.199*""besar"" + 0.188*""sawit"" + -0.183*""periode"" + -0.164*""di"" + -0.163*""tanam"" + -0.151*""kedelai"" + -0.124*""signifikan""'), (4, '0.458*""tanah"" + -0.345*""air"" + -0.319*""minyak"" + 0.232*""lorong"" + 0.224*""turun"" + 0.219*""bagai"" + 0.173*""atus"" + 0.161*""cm"" + -0.157*""periode"" + 0.138*""lengas""')]"
FP19,"[['FP19'], ['FP15', 'FP19'], ['FP19', 'FP22'], ['FP19', 'FP22', 'FT9', 'FT13', 'FT14', 'FT12', 'FT3', 'FT2'], ['FK1', 'FP19', 'FP22'], ['FP1', 'FP25', 'FP2', 'FP24', 'FP19', 'FP22'], ['FT14', 'FP19']]",784,2.39,4,0.5397172434053887,4294.245411821076,0.5226350001507757,"[(0, '-0.279*""bagai"" + -0.263*""hasil"" + -0.261*""produk"" + -0.222*""teliti"" + -0.184*""laku"" + -0.173*""suka"" + -0.165*""tingkat"" + -0.149*""kadar"" + -0.148*""tepung"" + -0.144*""baik""'), (1, '0.501*""bagai"" + 0.497*""produk"" + 0.434*""suka"" + -0.123*""teliti"" + 0.117*""herbal"" + -0.115*""daun"" + 0.095*""lebih"" + -0.094*""fermentasi"" + -0.088*""tempe"" + -0.087*""hasil""'), (2, '0.568*""daun"" + 0.202*""singkong"" + 0.193*""cassava"" + 0.182*""siger"" + 0.172*""rice"" + 0.171*""nori"" + 0.170*""manusia"" + 0.156*""laut"" + 0.145*""rumput"" + -0.124*""fermentasi""'), (3, '0.370*""ungu"" + -0.323*""siger"" + -0.307*""rice"" + 0.283*""daun"" + 0.269*""ubi"" + -0.217*""beras"" + 0.178*""tepung"" + 0.141*""segar"" + -0.128*""content"" + -0.125*""acid""')]"
FP2,"[['FP23'], ['FP22'], ['FP26'], ['FP2'], ['FP20'], ['FP25'], ['FP27'], ['FP21'], ['FP24'], ['FP5', 'FP6', 'FP7', 'FP8', 'FP10', 'FP11', 'FP12', 'FP13', 'FP14', 'FP15', 'FP16', 'FP27', 'FP26', 'FP17', 'FP24', 'FP20', 'FP18'], ['FP19', 'FP22'], ['FP1', 'FP25'], ['FP19', 'FP22', 'FT9', 'FT13', 'FT14', 'FT12', 'FT3', 'FT2'], ['FK1', 'FP19', 'FP22'], ['FP1', 'FP25', 'FP2', 'FP24', 'FP19', 'FP22'], ['FP2', 'FP3']]",2941,8.98,4,0.5088764145084249,4340.843745442176,0.6650451960671906,"[(0, '0.543*""tanah"" + 0.278*""tanam"" + 0.225*""teliti"" + 0.203*""laku"" + 0.182*""hasil"" + 0.182*""olah"" + 0.161*""cara"" + 0.156*""tani"" + 0.150*""pupuk"" + 0.141*""tingkat""'), (1, '-0.671*""tanah"" + -0.256*""olah"" + 0.229*""tani"" + 0.202*""teliti"" + 0.191*""tanam"" + 0.171*""hasil"" + 0.146*""tingkat"" + 0.133*""lampung"" + 0.129*""laku"" + -0.124*""signifikan""'), (2, '0.514*""cara"" + 0.479*""signifikan"" + 0.326*""tani"" + 0.293*""olah"" + -0.207*""tanah"" + 0.191*""penuh"" + -0.165*""pupuk"" + -0.131*""ha"" + 0.119*""tingkat"" + -0.114*""tanam""'), (3, '0.568*""tani"" + -0.304*""signifikan"" + -0.290*""cara"" + 0.259*""tanah"" + 0.167*""tingkat"" + -0.156*""olah"" + -0.150*""ha"" + -0.129*""kg"" + -0.120*""soil"" + -0.115*""penuh""')]"
FP20,"[['FP20'], ['FP5', 'FP6', 'FP7', 'FP8', 'FP10', 'FP11', 'FP12', 'FP13', 'FP14', 'FP15', 'FP16', 'FP27', 'FP26', 'FP17', 'FP24', 'FP20', 'FP18']]",108,0.33,4,0.4743389274917585,229.47827216004524,0.5870737256659764,"[(0, '-0.502*""ikan"" + -0.313*""air"" + -0.257*""teliti"" + -0.253*""laku"" + -0.241*""tumbuh"" + -0.232*""hasil"" + -0.119*""pakan"" + -0.117*""tunjuk"" + -0.111*""lampung"" + -0.107*""benih""'), (1, '0.410*""pasir"" + -0.405*""ikan"" + 0.379*""air"" + 0.332*""tambang"" + 0.234*""fe"" + 0.205*""hasil"" + -0.197*""tumbuh"" + 0.189*""bagai"" + 0.128*""daerah"" + 0.112*""area""'), (2, '0.450*""sp"" + 0.367*""tumbuh"" + 0.364*""oedogonium"" + -0.323*""ikan"" + 0.242*""dt"" + 0.173*""ukur"" + 0.147*""g"" + 0.146*""cahaya"" + 0.128*""kultur"" + 0.110*""beda""'), (3, '0.317*""pasir"" + -0.298*""dominan"" + 0.273*""tambang"" + 0.235*""ikan"" + -0.206*""indeks"" + 0.160*""fe"" + -0.157*""pantai"" + -0.153*""sp"" + -0.145*""teliti"" + 0.136*""laku""')]"
FP21,[['FP21']],95,0.29,4,0.44650412722563343,153.54800530416367,0.7162108934711806,"[(0, '0.282*""tingkat"" + 0.281*""ikan"" + 0.262*""teliti"" + 0.220*""bakteri"" + 0.209*""laku"" + 0.192*""hasil"" + 0.189*""hadap"" + 0.184*""manusia"" + 0.154*""sp"" + 0.134*""cegah""'), (1, '0.340*""manusia"" + -0.288*""feed"" + -0.247*""shrimp"" + -0.232*""growth"" + 0.210*""obat"" + 0.206*""serang"" + 0.183*""cegah"" + 0.170*""tingkat"" + 0.164*""gynura"" + 0.162*""samping""'), (2, '0.311*""manusia"" + 0.269*""feed"" + 0.230*""shrimp"" + -0.212*""teliti"" + 0.205*""growth"" + 0.203*""obat"" + -0.195*""hasil"" + 0.195*""serang"" + 0.179*""cegah"" + -0.173*""ikan""'), (3, '0.259*""zona"" + 0.232*""liar"" + 0.231*""sangga"" + 0.201*""budidaya"" + 0.199*""konflik"" + 0.198*""nasional"" + 0.189*""rupa"" + -0.171*""bakteri"" + 0.166*""wanatani"" + 0.166*""buku""')]"
FP22,"[['FP22'], ['FP19', 'FP22'], ['FP19', 'FP22', 'FT9', 'FT13', 'FT14', 'FT12', 'FT3', 'FT2'], ['FK1', 'FP19', 'FP22'], ['FP1', 'FP25', 'FP2', 'FP24', 'FP19', 'FP22']]",136,0.42,3,0.856725043591003,676.9069297376795,0.21425282948326255,"[(0, '-0.423*""teliti"" + -0.383*""siger"" + -0.356*""beras"" + -0.194*""tingkat"" + -0.168*""hasil"" + -0.146*""ubi"" + -0.146*""e"" + -0.130*""lampung"" + -0.116*""rice"" + -0.111*""jadi""'), (1, '0.807*""teliti"" + -0.310*""siger"" + -0.295*""beras"" + -0.103*""ubi"" + -0.092*""kayu"" + 0.090*""e"" + -0.087*""rice"" + -0.076*""lampung"" + 0.072*""dekstran"" + 0.072*""tikus""'), (2, '0.834*""e"" + -0.230*""teliti"" + 0.173*""fermentasi"" + 0.165*""garam"" + -0.152*""siger"" + -0.132*""beras"" + 0.115*""hasil"" + 0.112*""konsentrasi"" + 0.111*""acar"" + 0.098*""total""')]"
FP23,[['FP23']],516,1.58,4,0.5467371164943364,1033.8973918666848,0.5947156203919122,"[(0, '0.812*""tanah"" + 0.282*""olah"" + 0.176*""cara"" + 0.140*""tanam"" + 0.139*""signifikan"" + 0.105*""laku"" + 0.101*""sistem"" + 0.092*""pengaruh"" + 0.091*""teliti"" + 0.089*""pupuk""'), (1, '0.566*""signifikan"" + 0.555*""cara"" + 0.391*""olah"" + 0.249*""penuh"" + -0.249*""tanah"" + 0.136*""limpah"" + -0.086*""tanam"" + -0.083*""pupuk"" + -0.064*""laku"" + -0.054*""ha""'), (2, '-0.492*""soil"" + -0.321*""ha"" + -0.272*""pupuk"" + 0.265*""tanah"" + -0.244*""kg"" + -0.211*""p"" + -0.163*""tanam"" + -0.157*""n"" + -0.099*""organic"" + -0.099*""cara""'), (3, '0.501*""soil"" + -0.443*""pupuk"" + -0.266*""tanam"" + 0.207*""tanah"" + -0.150*""tani"" + -0.124*""cara"" + 0.113*""soils"" + 0.103*""organic"" + -0.099*""laku"" + -0.098*""hara""')]"
FP24,"[['FP24'], ['FP5', 'FP6', 'FP7', 'FP8', 'FP10', 'FP11', 'FP12', 'FP13', 'FP14', 'FP15', 'FP16', 'FP27', 'FP26', 'FP17', 'FP24', 'FP20', 'FP18'], ['FP1', 'FP25', 'FP2', 'FP24', 'FP19', 'FP22']]",458,1.4,4,0.5288598419557868,663.2001913544995,0.6909396104073797,"[(0, '0.361*""tanam"" + 0.248*""teliti"" + 0.238*""laku"" + 0.228*""sakit"" + 0.214*""trichoderma"" + 0.213*""lampung"" + 0.181*""isolat"" + 0.175*""sp"" + 0.168*""hadap"" + 0.156*""jamur""'), (1, '0.519*""trichoderma"" + 0.328*""sp"" + -0.290*""ekstrak"" + -0.256*""daun"" + 0.244*""isolat"" + 0.223*""spp"" + -0.198*""tanam"" + -0.124*""hama"" + 0.117*""t"" + 0.110*""plant""'), (2, '0.415*""ekstrak"" + 0.368*""daun"" + -0.271*""lampung"" + -0.247*""nematoda"" + 0.229*""trichoderma"" + -0.207*""tanam"" + 0.167*""sakit"" + 0.138*""spp"" + -0.123*""akar"" + -0.119*""hama""'), (3, '0.394*""fungal"" + 0.241*""soil"" + 0.228*""tillage"" + 0.208*""biomass"" + 0.206*""bagasse"" + 0.193*""ekstrak"" + 0.186*""notillage"" + 0.176*""daun"" + 0.160*""litter"" + 0.157*""mulch""')]"
FP25,"[['FP25'], ['FP1', 'FP25'], ['FP1', 'FP25', 'FP2', 'FP24', 'FP19', 'FP22']]",614,1.87,4,0.5051865457129968,1086.9857087179544,0.5767930031254564,"[(0, '-0.341*""tanam"" + -0.228*""hasil"" + -0.227*""teliti"" + -0.213*""laku"" + -0.154*""pupuk"" + -0.150*""tumbuh"" + -0.150*""l"" + -0.148*""benih"" + -0.139*""tunjuk"" + -0.135*""tinggi""'), (1, '0.419*""buah"" + 0.339*""simpan"" + 0.242*""lama"" + -0.208*""daun"" + 0.194*""benih"" + -0.192*""pupuk"" + -0.189*""ha"" + -0.159*""gulma"" + -0.155*""dosis"" + 0.151*""suhu""'), (2, '-0.268*""fruit"" + -0.244*""l"" + -0.189*""seed"" + 0.175*""daun"" + -0.173*""sorghum"" + -0.163*""weight"" + -0.157*""fertilizer"" + -0.139*""storage"" + -0.136*""showed"" + -0.136*""seeds""'), (3, '-0.406*""gulma"" + 0.331*""daun"" + -0.299*""herbisida"" + 0.223*""ab"" + -0.208*""dosis"" + -0.194*""ha"" + 0.178*""fermentasi"" + 0.168*""sapi"" + 0.166*""ekstrak"" + 0.164*""campur""')]"
FP26,"[['FP26'], ['FP5', 'FP6', 'FP7', 'FP8', 'FP10', 'FP11', 'FP12', 'FP13', 'FP14', 'FP15', 'FP16', 'FP27', 'FP26', 'FP17', 'FP24', 'FP20', 'FP18']]",507,1.55,4,0.45928344358341144,492.1889339605558,0.7261135323167263,"[(0, '0.710*""tani"" + 0.280*""tingkat"" + 0.239*""teliti"" + 0.133*""kerja"" + 0.132*""suluh"" + 0.131*""hasil"" + 0.130*""lampung"" + 0.117*""data"" + 0.112*""laku"" + 0.106*""kelompok""'), (1, '0.418*""tani"" + -0.325*""program"" + -0.281*""ikan"" + -0.232*""data"" + -0.217*""farmers"" + -0.181*""lampung"" + -0.164*""hasil"" + -0.160*""research"" + -0.157*""food"" + -0.137*""teliti""'), (2, '-0.311*""ikan"" + 0.306*""farmers"" + 0.297*""tani"" + -0.201*""teliti"" + 0.189*""farmer"" + 0.185*""research"" + 0.184*""food"" + -0.181*""tingkat"" + 0.133*""level"" + 0.132*""program""'), (3, '-0.343*""ikan"" + -0.285*""informasi"" + -0.231*""kerja"" + -0.211*""tingkat"" + 0.206*""kelompok"" + -0.195*""jagung"" + -0.185*""suluh"" + 0.177*""anggota"" + 0.177*""kpph"" + 0.175*""hutan""')]"
FP27,"[['FP27'], ['FP5', 'FP6', 'FP7', 'FP8', 'FP10', 'FP11', 'FP12', 'FP13', 'FP14', 'FP15', 'FP16', 'FP27', 'FP26', 'FP17', 'FP24', 'FP20', 'FP18']]",97,0.3,4,0.5034602913938142,184.9903996825371,0.6461227240479621,"[(0, '0.529*""hasil"" + 0.327*""p"" + 0.213*""laku"" + 0.199*""teliti"" + 0.198*""lampung"" + 0.172*""kg"" + 0.152*""rata"" + 0.151*""tingkat"" + 0.137*""broiler"" + 0.121*""pengaruh""'), (1, '0.616*""hasil"" + -0.225*""p"" + -0.219*""singkong"" + 0.199*""rata"" + -0.151*""protein"" + -0.139*""pengaruh"" + -0.134*""hadap"" + 0.117*""usus"" + -0.115*""teliti"" + -0.109*""kasar""'), (2, '0.548*""singkong"" + 0.238*""kulit"" + 0.215*""mentah"" + 0.175*""limbah"" + 0.175*""kimia"" + -0.173*""p"" + 0.171*""hasil"" + -0.151*""content"" + -0.133*""total"" + -0.117*""lampung""'), (3, '0.258*""content"" + 0.218*""hasil"" + -0.180*""bagai"" + 0.166*""palm"" + 0.158*""singkong"" + 0.153*""significant"" + -0.152*""total"" + -0.150*""gantung"" + 0.133*""leaves"" + 0.132*""rice""')]"
FP3,"[['FP3'], ['FP2', 'FP3']]",375,1.15,4,0.4751454460414912,404.61900536687114,0.67902361794971,"[(0, '0.313*""udang"" + 0.305*""ikan"" + 0.278*""pakan"" + 0.267*""beri"" + 0.263*""makan"" + 0.261*""tumbuh"" + 0.228*""laku"" + 0.217*""teliti"" + 0.185*""tingkat"" + 0.144*""hasil""'), (1, '-0.778*""makan"" + -0.452*""beri"" + 0.246*""udang"" + 0.111*""budidaya"" + 0.091*""laku"" + 0.086*""pakan"" + 0.082*""tumbuh"" + 0.076*""vaname"" + 0.072*""ikan"" + 0.068*""air""'), (2, '0.658*""udang"" + -0.439*""ikan"" + 0.207*""makan"" + 0.195*""budidaya"" + 0.175*""vaname"" + -0.172*""pakan"" + -0.139*""tumbuh"" + -0.124*""laku"" + 0.109*""vannamei"" + -0.090*""teliti""'), (3, '0.325*""shrimp"" + -0.298*""ikan"" + 0.228*""growth"" + -0.223*""budidaya"" + 0.196*""rate"" + 0.170*""vannamei"" + 0.165*""white"" + -0.158*""udang"" + 0.154*""l"" + 0.144*""mg""')]"
FP4,[['FP4']],12,0.04,3,0.9449627517373017,573.7857003214673,0.058494749410633075,"[(0, '0.385*""fungisida"" + 0.295*""nabati"" + 0.232*""aplikasi"" + 0.227*""asperellum"" + 0.227*""mikoriza"" + 0.204*""sakit"" + 0.204*""trichoderma"" + 0.189*""biomassa"" + 0.173*""tanam"" + 0.162*""tanah""'), (1, '0.388*""biomassa"" + 0.323*""tanah"" + -0.248*""fungisida"" + 0.213*""residu"" + -0.190*""nabati"" + 0.173*""cara"" + 0.168*""tanam"" + 0.164*""signifikan"" + 0.149*""padi"" + -0.146*""mikoriza""'), (2, '0.414*""kopi"" + 0.344*""cara"" + -0.284*""biomassa"" + 0.255*""signifikan"" + 0.206*""agro"" + 0.172*""pengaruh"" + 0.171*""pohon"" + 0.171*""hutan"" + -0.147*""residu"" + 0.137*""tani""')]"
FP5,"[['FP5'], ['FP5', 'FP6', 'FP7', 'FP8', 'FP10', 'FP11', 'FP12', 'FP13', 'FP14', 'FP15', 'FP16', 'FP27', 'FP26', 'FP17', 'FP24', 'FP20', 'FP18'], ['FISIP1', 'FP5', 'FT5', 'FT8', 'FT7']]",1871,5.71,4,0.4739062901450928,4254.633822841897,0.5891520576616427,"[(0, '0.582*""hutan"" + 0.268*""teliti"" + 0.191*""hasil"" + 0.164*""masyarakat"" + 0.163*""laku"" + 0.142*""lampung"" + 0.137*""tanam"" + 0.132*""tingkat"" + 0.128*""nilai"" + 0.127*""pohon""'), (1, '-0.657*""hutan"" + -0.235*""sehat"" + 0.207*""teliti"" + 0.191*""hasil"" + 0.175*""laku"" + 0.167*""tingkat"" + 0.148*""tanam"" + 0.121*""air"" + 0.120*""kayu"" + 0.095*""tunjuk""'), (2, '0.679*""pohon"" + 0.253*""rusa"" + -0.240*""masyarakat"" + 0.166*""emas"" + -0.148*""tani"" + -0.147*""tingkat"" + 0.127*""jenis"" + 0.120*""spesies"" + 0.116*""pekon"" + 0.112*""sehat""'), (3, '-0.396*""mangrove"" + -0.393*""lampung"" + 0.268*""tanam"" + -0.262*""forest"" + -0.210*""ekowisata"" + -0.182*""persepsi"" + 0.138*""pohon"" + 0.133*""hutan"" + 0.126*""tani"" + -0.117*""wisata""')]"
FP6,"[['FP6'], ['FP5', 'FP6', 'FP7', 'FP8', 'FP10', 'FP11', 'FP12', 'FP13', 'FP14', 'FP15', 'FP16', 'FP27', 'FP26', 'FP17', 'FP24', 'FP20', 'FP18']]",31,0.09,3,0.9132297153608103,315.0793425144115,0.06293418964961485,"[(0, '0.524*""masa"" + 0.522*""suatu"" + 0.421*""individu"" + 0.405*""jabat"" + 0.138*""milik"" + 0.137*""cara"" + 0.084*""organisasi"" + 0.067*""komitmen"" + 0.067*""turnover"" + 0.067*""karyawan""'), (1, '-0.480*""lampung"" + -0.312*""tani"" + -0.198*""irrigation"" + -0.188*""shrimp"" + -0.178*""kabupaten"" + -0.141*""neuman"" + -0.136*""analysis"" + -0.134*""cara"" + -0.129*""teliti"" + -0.122*""jagung""'), (2, '0.379*""tani"" + -0.300*""irrigation"" + 0.216*""cara"" + 0.204*""neuman"" + -0.176*""lampung"" + -0.154*""shrimp"" + 0.143*""teliti"" + -0.133*""government"" + 0.131*""padi"" + 0.129*""tabulasi""')]"
FP7,"[['FP7'], ['FP5', 'FP6', 'FP7', 'FP8', 'FP10', 'FP11', 'FP12', 'FP13', 'FP14', 'FP15', 'FP16', 'FP27', 'FP26', 'FP17', 'FP24', 'FP20', 'FP18']]",17,0.05,4,0.5921873363918835,280.9192013861974,0.39162209029899153,"[(0, '-0.552*""tanam"" + -0.344*""ulang"" + -0.283*""lada"" + -0.203*""lanjut"" + -0.185*""lampung"" + -0.171*""teliti"" + -0.134*""tani"" + -0.123*""pupuk"" + -0.116*""produksi"" + -0.108*""hitam""'), (1, '-0.308*""ekstrak"" + 0.259*""tanam"" + 0.239*""ulang"" + -0.202*""teliti"" + -0.192*""acak"" + -0.191*""analis"" + -0.177*""replikasi"" + -0.177*""tujuh"" + -0.175*""data"" + -0.175*""biji""'), (2, '-0.443*""lada"" + -0.305*""sambung"" + -0.277*""npk"" + -0.256*""pupuk"" + 0.246*""ulang"" + -0.234*""dosis"" + -0.223*""pohon"" + 0.212*""tanam"" + 0.179*""lanjut"" + -0.166*""p""'), (3, '0.721*""clem"" + 0.203*""aplikasi"" + 0.197*""waa"" + 0.197*""gulma"" + 0.172*""minggu"" + 0.164*""broadleaf"" + 0.164*""weeds"" + 0.134*""kelapa"" + 0.131*""praxelis"" + -0.131*""ekstrak""')]"
FP8,"[['FP5', 'FP6', 'FP7', 'FP8', 'FP10', 'FP11', 'FP12', 'FP13', 'FP14', 'FP15', 'FP16', 'FP27', 'FP26', 'FP17', 'FP24', 'FP20', 'FP18'], ['FP8']]",32,0.1,4,0.5214300669652956,118.201979193569,0.5802355652344842,"[(0, '0.349*""somatik"" + 0.334*""embriogenesis"" + 0.320*""tanam"" + 0.266*""jadi"" + 0.231*""cara"" + 0.201*""lalu"" + 0.197*""embrio"" + 0.197*""selsel"" + 0.187*""banyak"" + 0.159*""vitro""'), (1, '0.539*""l"" + 0.432*""mg"" + 0.250*""ba"" + 0.228*""tdz"" + 0.211*""embryogenic"" + 0.154*""medium"" + 0.148*""shoot"" + 0.130*""naa"" + 0.109*""experiment"" + 0.105*""nodules""'), (2, '-0.418*""n"" + -0.379*""ha"" + -0.298*""tanah"" + -0.243*""kg"" + -0.186*""olah"" + -0.166*""residu"" + -0.166*""hara"" + -0.156*""teliti"" + -0.150*""kompos"" + -0.138*""tanam""'), (3, '0.358*""kompos"" + 0.311*""tanah"" + 0.248*""naa"" + -0.229*""ha"" + 0.228*""iba"" + -0.227*""n"" + 0.224*""mikroba"" + 0.219*""ppm"" + 0.185*""lebih"" + -0.160*""kg""')]"
FT1,"[['FT1'], ['FT11'], ['FT12'], ['FT14'], ['FT9', 'FT12'], ['FT13'], ['FP19', 'FP22', 'FT9', 'FT13', 'FT14', 'FT12', 'FT3', 'FT2'], ['FT11', 'FT1'], ['FT11', 'FT4'], ['FT14', 'FP19']]",1353,4.13,4,0.4905781189416849,5105.1868859310725,0.5259008140972035,"[(0, '0.263*""hasil"" + 0.247*""data"" + 0.244*""nilai"" + 0.220*""teliti"" + 0.210*""metode"" + 0.192*""laku"" + 0.167*""lampung"" + 0.167*""tanah"" + 0.153*""batu"" + 0.139*""air""'), (1, '0.499*""baru"" + 0.399*""puncak"" + 0.304*""muncul"" + 0.175*""bahan"" + 0.175*""serpih"" + 0.163*""lebih"" + 0.161*""od"" + -0.147*""lampung"" + 0.137*""karbonat"" + 0.136*""asl""'), (2, '-0.368*""log"" + -0.326*""resistivitas"" + 0.237*""lampung"" + -0.227*""sumur"" + -0.219*""reservoir"" + 0.177*""baru"" + -0.168*""shale"" + 0.158*""sekolah"" + 0.138*""bandar"" + 0.133*""puncak""'), (3, '-0.526*""sekolah"" + -0.334*""visitasi"" + -0.332*""akreditasi"" + -0.202*""laksana"" + 0.175*""sebut"" + 0.144*""bumi"" + 0.139*""beberapa"" + -0.130*""giat"" + -0.123*""hasil"" + -0.117*""evaluasi""')]"
FT11,"[['FT11'], ['FT11', 'FT1'], ['FT11', 'FT4']]",146,0.45,4,0.46239796483379275,412.11797293580105,0.6099492042992841,"[(0, '-0.388*""hasil"" + -0.283*""parameter"" + -0.217*""itrf"" + -0.213*""data"" + -0.209*""teliti"" + -0.186*""transformasi"" + -0.180*""nilai"" + -0.172*""hitung"" + -0.163*""titik"" + -0.161*""koordinat""'), (1, '-0.476*""parameter"" + -0.374*""itrf"" + -0.326*""transformasi"" + -0.167*""hitung"" + 0.163*""data"" + 0.159*""lahan"" + 0.151*""peta"" + -0.139*""koordinat"" + 0.139*""tanah"" + 0.135*""teliti""'), (2, '0.335*""lahan"" + 0.264*""ubah"" + -0.202*""ukur"" + -0.200*""tanah"" + 0.177*""ha"" + 0.174*""pulau"" + -0.164*""titik"" + -0.161*""data"" + -0.155*""teliti"" + -0.154*""nilai""'), (3, '0.641*""tanah"" + 0.234*""nilai"" + -0.202*""data"" + 0.170*""desa"" + 0.164*""model"" + 0.151*""bidang"" + -0.135*""surut"" + -0.133*""pasang"" + -0.130*""hasil"" + -0.122*""teliti""')]"
FT12,"[['FT12'], ['FT9', 'FT12'], ['FP19', 'FP22', 'FT9', 'FT13', 'FT14', 'FT12', 'FT3', 'FT2']]",13,0.04,5,0.650687712455814,111.74727799454931,0.3114346999524897,"[(0, '-0.592*""kampung"" + -0.316*""masyarakat"" + -0.307*""kota"" + -0.266*""giat"" + -0.193*""mukim"" + -0.163*""peduli"" + -0.156*""tingkat"" + -0.133*""lalu"" + -0.120*""cungkeng"" + -0.120*""bugis""'), (1, '0.578*""lanjut"" + 0.338*""kota"" + 0.275*""kerja"" + -0.270*""kampung"" + 0.257*""kembang"" + 0.172*""kerangka"" + 0.111*""city"" + 0.111*""pengaruh"" + 0.109*""baik"" + 0.107*""vernakular""'), (2, '0.355*""ruang"" + 0.281*""publik"" + 0.267*""buka"" + 0.234*""masyarakat"" + 0.207*""aspek"" + 0.201*""milik"" + -0.195*""kampung"" + 0.187*""sosial"" + -0.179*""lanjut"" + -0.148*""sustainability""'), (3, '-0.360*""sustainability"" + -0.278*""irrigation"" + -0.232*""performance"" + -0.154*""planning"" + -0.139*""also"" + -0.139*""asset"" + -0.139*""systems"" + -0.139*""survey"" + -0.137*""cultural"" + -0.129*""traditional""'), (4, '0.313*""vernakular"" + 0.266*""arsitektur"" + 0.215*""cultural"" + -0.202*""sustainability"" + 0.202*""traditional"" + 0.182*""heritage"" + 0.163*""lampung"" + -0.161*""kota"" + 0.152*""urban"" + 0.148*""inventory""')]"
FT13,"[['FT13'], ['FP19', 'FP22', 'FT9', 'FT13', 'FT14', 'FT12', 'FT3', 'FT2']]",41,0.13,4,0.7639043984769212,817.3145448702923,0.3094277957798367,"[(0, '0.581*""sekolah"" + 0.372*""visitasi"" + 0.369*""akreditasi"" + 0.224*""laksana"" + 0.137*""giat"" + 0.136*""hasil"" + 0.125*""diri"" + 0.123*""evaluasi"" + 0.122*""didik"" + 0.122*""layak""'), (1, '0.429*""citra"" + 0.383*""peta"" + 0.218*""lampung"" + 0.203*""data"" + 0.167*""hasil"" + 0.155*""giat"" + -0.153*""sekolah"" + 0.150*""geometrik"" + 0.148*""teliti"" + 0.137*""bandar""'), (2, '0.375*""citra"" + -0.219*""warga"" + 0.217*""geometrik"" + -0.201*""peta"" + 0.193*""teliti"" + 0.168*""koreksi"" + 0.162*""earth"" + -0.155*""meta"" + -0.150*""giat"" + 0.148*""google""'), (3, '-0.321*""warga"" + -0.255*""sapi"" + -0.240*""biogas"" + 0.211*""peta"" + 0.180*""giat"" + -0.176*""sedia"" + -0.175*""masalah"" + -0.154*""kotor"" + 0.143*""lurah"" + -0.141*""teliti""')]"
FT14,"[['FT14'], ['FP19', 'FP22', 'FT9', 'FT13', 'FT14', 'FT12', 'FT3', 'FT2'], ['FT14', 'FP19']]",34,0.1,3,0.7024992952108073,122.60013957913682,0.33744507016963315,"[(0, '-0.512*""keras"" + -0.362*""nilai"" + -0.297*""jam"" + -0.279*""besar"" + -0.234*""tinggi"" + -0.192*""quenching"" + -0.138*""dingin"" + -0.137*""uji"" + -0.136*""milik"" + -0.135*""panas""'), (1, '-0.444*""cds"" + -0.392*""lapis"" + -0.355*""hda"" + -0.309*""material"" + -0.264*""jadi"" + -0.177*""siklik"" + -0.148*""siklus"" + 0.131*""nilai"" + -0.128*""hasil"" + 0.128*""keras""'), (2, '-0.491*""genset"" + -0.246*""redam"" + -0.194*""listrik"" + 0.193*""cds"" + -0.184*""kotak"" + -0.184*""bising"" + -0.161*""buat"" + 0.157*""lapis"" + 0.155*""hda"" + -0.153*""ukur""')]"
FT2,"[['FT2'], ['FP19', 'FP22', 'FT9', 'FT13', 'FT14', 'FT12', 'FT3', 'FT2']]",116,0.35,4,0.6325944622291707,254.50810692316222,0.4579902816904928,"[(0, '-0.611*""beton"" + -0.292*""kuat"" + -0.231*""tekan"" + -0.200*""teliti"" + -0.191*""lindung"" + -0.119*""laku"" + -0.118*""tingkat"" + -0.115*""air"" + -0.106*""jadi"" + -0.105*""rendam""'), (1, '0.373*""tb"" + 0.344*""hasil"" + 0.301*""tingkat"" + 0.259*""sputum"" + 0.231*""pasien"" + -0.227*""beton"" + 0.185*""dm"" + 0.148*""probabilitas"" + 0.143*""ci"" + 0.129*""konversi""'), (2, '-0.444*""spesimen"" + -0.379*""ukur"" + -0.269*""susut"" + -0.263*""skala"" + -0.259*""laboratorium"" + -0.216*""mm"" + -0.201*""penuh"" + -0.196*""usia"" + -0.152*""balok"" + -0.134*""jam""'), (3, '-0.273*""perahu"" + 0.262*""tb"" + -0.258*""sisi"" + -0.255*""ketek"" + -0.221*""wisata"" + -0.210*""sungai"" + -0.200*""teliti"" + -0.193*""layan"" + -0.193*""palembang"" + 0.185*""sputum""')]"
FT3,"[['FT3'], ['FP19', 'FP22', 'FT9', 'FT13', 'FT14', 'FT12', 'FT3', 'FT2']]",41,0.13,4,0.6359497177212798,186.83429815606243,0.3332759080441331,"[(0, '0.742*""cepat"" + 0.481*""mm"" + 0.224*""aus"" + 0.190*""potong"" + 0.170*""rev"" + 0.146*""alat"" + 0.105*""magnesium"" + 0.080*""pahat"" + 0.064*""padu"" + 0.059*""mekanisme""'), (1, '0.416*""udara"" + 0.313*""temperatur"" + 0.267*""heat"" + 0.261*""exchanger"" + 0.221*""c"" + 0.218*""uji"" + 0.211*""kg"" + 0.182*""alir"" + 0.174*""masuk"" + 0.174*""laju""'), (2, '-0.337*""magnesium"" + -0.321*""cutting"" + -0.289*""surface"" + -0.237*""composite"" + -0.226*""roughness"" + -0.194*""material"" + -0.160*""used"" + -0.159*""process"" + -0.143*""value"" + -0.142*""particle""'), (3, '-0.500*""composite"" + -0.304*""particle"" + 0.205*""cutting"" + 0.191*""surface"" + 0.188*""magnesium"" + -0.177*""cb"" + -0.166*""barite"" + -0.166*""flyash"" + 0.145*""roughness"" + -0.133*""graphite""')]"
FT4,"[['FT4'], ['FT4', 'UNILA4'], ['FT6', 'FT7', 'FT4', 'UNILA4', 'UNILA3', 'UNILA5', 'UNILA2'], ['FT11', 'FT4']]",843,2.57,4,0.5629114662603526,1678.1868941443483,0.5664636957803765,"[(0, '0.337*""tanah"" + 0.255*""jadi"" + 0.245*""air"" + 0.228*""teliti"" + 0.202*""hasil"" + 0.187*""data"" + 0.186*""hujan"" + 0.180*""lampung"" + 0.165*""metode"" + 0.157*""nilai""'), (1, '0.519*""tanah"" + -0.424*""data"" + -0.387*""hujan"" + -0.304*""curah"" + -0.161*""model"" + 0.152*""nilai"" + -0.151*""rainfall"" + -0.111*""lampung"" + 0.108*""uji"" + -0.094*""stasiun""'), (2, '-0.368*""tanah"" + -0.353*""hujan"" + 0.273*""ramah"" + -0.261*""curah"" + -0.235*""data"" + 0.202*""jalan"" + 0.195*""lampung"" + 0.132*""tahun"" + 0.124*""bangun"" + 0.110*""butuh""'), (3, '0.921*""ramah"" + 0.112*""drainase"" + 0.103*""hujan"" + 0.097*""ular"" + 0.093*""tanah"" + 0.076*""curah"" + -0.072*""lampung"" + -0.061*""tahun"" + 0.060*""taman"" + -0.058*""jadi""')]"
FT5,"[['FT5'], ['FMIPA9', 'FT5', 'FT8'], ['FISIP1', 'FP5', 'FT5', 'FT8', 'FT7'], ['FISIP1', 'FMIPA5', 'FT5', 'FT8']]",528,1.61,4,0.47900475244575785,773.318472662698,0.6724525976200344,"[(0, '-0.404*""sistem"" + -0.302*""listrik"" + -0.218*""hasil"" + -0.174*""tegang"" + -0.169*""data"" + -0.149*""besar"" + -0.148*""sensor"" + -0.145*""laku"" + -0.140*""cara"" + -0.123*""energi""'), (1, '0.481*""power"" + 0.360*""system"" + 0.199*""voltage"" + 0.194*""control"" + 0.175*""d"" + 0.162*""using"" + 0.154*""network"" + 0.144*""method"" + -0.137*""listrik"" + 0.135*""based""'), (2, '0.582*""listrik"" + 0.295*""energi"" + -0.280*""sistem"" + -0.226*""sensor"" + -0.183*""standar"" + -0.170*""air"" + 0.137*""surya"" + -0.137*""pantau"" + 0.124*""tegang"" + 0.116*""daya""'), (3, '-0.497*""internet"" + -0.314*""lengkap"" + 0.241*""standar"" + 0.241*""bentonit"" + -0.201*""iot"" + 0.181*""tanah"" + -0.171*""pantau"" + 0.167*""nilai"" + -0.154*""sensor"" + 0.149*""pentanahan""')]"
FT6,"[['FT6'], ['FMIPA6', 'FT6'], ['FT6', 'FT7', 'FT4', 'UNILA4', 'UNILA3', 'UNILA5', 'UNILA2']]",553,1.69,3,0.617060417809611,737.7720446660352,0.6135402530430127,"[(0, '0.513*""hasil"" + 0.263*""lebih"" + 0.231*""lanjut"" + 0.202*""tunjuk"" + 0.179*""proses"" + 0.168*""teliti"" + 0.152*""laku"" + 0.151*""bagai"" + 0.121*""limbah"" + 0.120*""cara""'), (1, '-0.523*""lanjut"" + -0.443*""lebih"" + -0.265*""hasil"" + -0.206*""cocok"" + -0.164*""valorisasi"" + 0.163*""proses"" + 0.136*""laku"" + 0.127*""bagai"" + 0.121*""teliti"" + 0.105*""imobilisasi""'), (2, '0.514*""urea"" + 0.332*""pupuk"" + 0.227*""tanam"" + 0.224*""lepas"" + -0.219*""imobilisasi"" + -0.204*""enzim"" + -0.171*""proses"" + 0.155*""lambat"" + 0.144*""sruf"" + -0.113*""ph""')]"
FT7,"[['FT7'], ['FISIP1', 'FP5', 'FT5', 'FT8', 'FT7'], ['FT6', 'FT7', 'FT4', 'UNILA4', 'UNILA3', 'UNILA5', 'UNILA2']]",549,1.68,5,0.4853931878544857,1343.9898410943904,0.5498384654384696,"[(0, '-0.238*""hasil"" + -0.211*""bahan"" + -0.196*""mesin"" + -0.182*""bakar"" + -0.180*""laku"" + -0.177*""tingkat"" + -0.174*""besar"" + -0.148*""teliti"" + -0.143*""proses"" + -0.142*""lebih""'), (1, '-0.391*""surface"" + -0.304*""cutting"" + -0.275*""roughness"" + -0.266*""tool"" + -0.264*""magnesium"" + -0.249*""mm"" + -0.228*""value"" + -0.152*""using"" + -0.140*""rate"" + -0.132*""feed""'), (2, '-0.571*""suhu"" + -0.316*""arah"" + -0.309*""c"" + -0.224*""baja"" + 0.190*""mesin"" + 0.169*""bakar"" + 0.161*""bahan"" + -0.153*""aisi"" + -0.123*""kuat"" + -0.121*""mekanik""'), (3, '-0.271*""bakar"" + 0.265*""pahat"" + -0.223*""energi"" + 0.206*""kelas"" + 0.177*""cepat"" + 0.167*""potong"" + -0.165*""surface"" + -0.159*""bahan"" + 0.157*""aus"" + 0.143*""mm""'), (4, '-0.336*""bakar"" + 0.296*""energi"" + -0.258*""mesin"" + -0.248*""bahan"" + -0.201*""suhu"" + 0.200*""tekan"" + 0.194*""beban"" + -0.194*""c"" + 0.138*""panas"" + 0.125*""pindah""')]"
FT8,"[['FT8'], ['FMIPA9', 'FT5', 'FT8'], ['FISIP1', 'FP5', 'FT5', 'FT8', 'FT7'], ['FISIP1', 'FMIPA5', 'FT5', 'FT8']]",231,0.71,4,0.639705266734484,1076.1068307003873,0.39000908822501423,"[(0, '0.355*""pustaka"" + 0.295*""sistem"" + 0.256*""periksa"" + 0.234*""informasi"" + 0.219*""lampung"" + 0.184*""aplikasi"" + 0.183*""data"" + 0.179*""laku"" + 0.163*""kembang"" + 0.159*""hasil""'), (1, '0.887*""periksa"" + -0.175*""pustaka"" + 0.116*""udang"" + 0.116*""kolam"" + 0.114*""kualitas"" + 0.099*""air"" + -0.089*""sistem"" + -0.089*""lampung"" + -0.075*""aplikasi"" + 0.066*""sensor""'), (2, '-0.533*""lampung"" + 0.403*""pustaka"" + 0.169*""lokasi"" + 0.165*""ar"" + -0.156*""keyboard"" + -0.126*""traffic"" + -0.123*""network"" + -0.121*""aksara"" + -0.114*""data"" + -0.114*""virtual""'), (3, '0.337*""lampung"" + -0.302*""data"" + -0.191*""traffic"" + -0.190*""unila"" + -0.188*""system"" + -0.185*""network"" + -0.167*""library"" + -0.154*""internet"" + 0.145*""keyboard"" + -0.135*""web""')]"
FT9,"[['FT9'], ['FT9', 'FT12'], ['FP19', 'FP22', 'FT9', 'FT13', 'FT14', 'FT12', 'FT3', 'FT2']]",200,0.61,4,0.5602603349642843,339.4545567341171,0.48160087773925814,"[(0, '0.297*""bagai"" + 0.277*""kota"" + 0.277*""lampung"" + 0.218*""kembang"" + 0.209*""masyarakat"" + 0.202*""bangun"" + 0.192*""desa"" + 0.182*""kawasan"" + 0.181*""ruang"" + 0.164*""wisata""'), (1, '0.428*""desa"" + 0.329*""wisata"" + 0.311*""bencana"" + 0.286*""kunjir"" + -0.258*""bangun"" + 0.236*""pesisir"" + -0.205*""kota"" + -0.167*""ruang"" + 0.147*""tangguh"" + 0.130*""zona""'), (2, '0.480*""anak"" + 0.367*""ruang"" + 0.309*""publik"" + -0.245*""bangun"" + -0.226*""bagai"" + 0.222*""dini"" + 0.219*""usia"" + 0.211*""kampung"" + 0.132*""ramah"" + -0.120*""jadi""'), (3, '0.322*""kawasan"" + -0.308*""desa"" + 0.307*""pesisir"" + 0.280*""tahan"" + 0.271*""mukim"" + 0.260*""kota"" + -0.243*""wisata"" + 0.233*""bencana"" + 0.192*""pola"" + -0.174*""kunjir""')]"
UNILA2,"[['UNILA2'], ['UNILA3', 'UNILA5', 'UNILA2'], ['FT6', 'FT7', 'FT4', 'UNILA4', 'UNILA3', 'UNILA5', 'UNILA2']]",10,0.03,3,0.8210308616109657,82.83605184325678,0.18385061895041144,"[(0, '0.426*""fraktur"" + 0.365*""cedera"" + 0.316*""motor"" + 0.292*""kasus"" + 0.220*""jadi"" + 0.219*""footstep"" + 0.219*""handbar"" + 0.158*""tulang"" + 0.146*""alami"" + 0.134*""kelompok""'), (1, '0.420*""beton"" + 0.300*""kuat"" + 0.270*""selulosa"" + 0.180*""cm"" + 0.180*""kg"" + -0.163*""cedera"" + 0.162*""kelompok"" + 0.155*""laku"" + 0.151*""tulang"" + 0.150*""suara""'), (2, '0.319*""kelompok"" + 0.306*""tulang"" + -0.265*""beton"" + 0.261*""kalus"" + -0.190*""cedera"" + -0.189*""kuat"" + 0.174*""defek"" + 0.174*""minggu"" + 0.174*""ke"" + -0.170*""selulosa""')]"
UNILA3,"[['UNILA3'], ['UNILA3', 'UNILA5', 'UNILA2'], ['FT6', 'FT7', 'FT4', 'UNILA4', 'UNILA3', 'UNILA5', 'UNILA2']]",28,0.09,5,0.5380719437289926,214.8832301994775,0.4675798577474565,"[(0, '-0.289*""teliti"" + -0.276*""bagai"" + -0.221*""kelompok"" + -0.196*""jintan"" + -0.195*""hasil"" + -0.187*""obat"" + -0.185*""tani"" + -0.163*""hitam"" + -0.154*""tikus"" + -0.152*""tendon""'), (1, '-0.278*""jintan"" + 0.267*""tani"" + -0.262*""bagai"" + -0.262*""obat"" + -0.232*""hitam"" + -0.217*""tendon"" + -0.201*""sativa"" + 0.181*""padi"" + 0.181*""organik"" + 0.175*""teliti""'), (2, '0.449*""tani"" + 0.306*""organik"" + 0.306*""padi"" + 0.198*""budidaya"" + -0.197*""stunting"" + -0.179*""lampung"" + 0.159*""produksi"" + -0.158*""jadi"" + -0.141*""teliti"" + 0.123*""persepsi""'), (3, '0.412*""cash"" + 0.288*""usaha"" + 0.242*""hadap"" + 0.218*""holding"" + 0.214*""signifikan"" + -0.201*""stunting"" + 0.194*""holdings"" + -0.161*""lampung"" + 0.143*""negatif"" + 0.129*""lebih""'), (4, '-0.359*""stunting"" + 0.274*""batu"" + 0.259*""ginjal"" + 0.169*""teliti"" + 0.169*""konsumsi"" + -0.168*""anak"" + 0.161*""makan"" + 0.151*""variabel"" + 0.130*""bulan"" + -0.124*""baik""')]"
UNILA4,"[['UNILA4'], ['FT4', 'UNILA4'], ['FT6', 'FT7', 'FT4', 'UNILA4', 'UNILA3', 'UNILA5', 'UNILA2']]",17,0.05,3,0.844278625191302,133.06455443019928,0.1339326786994837,"[(0, '0.375*""l"" + 0.355*""tumbuh"" + 0.339*""ekstrak"" + 0.294*""g"" + 0.251*""manggis"" + 0.221*""daun"" + 0.196*""pengaruh"" + 0.192*""kelor"" + 0.173*""beri"" + 0.148*""laku""'), (1, '-0.478*""beton"" + -0.351*""kuat"" + -0.308*""selulosa"" + -0.205*""kg"" + -0.205*""cm"" + -0.171*""suara"" + -0.171*""komposit"" + -0.171*""tarik"" + -0.147*""daya"" + -0.146*""hasil""'), (2, '0.394*""lampung"" + 0.223*""teknologi"" + 0.198*""provinsi"" + 0.191*""industri"" + 0.170*""inovasi"" + 0.159*""produk"" + 0.159*""bencana"" + -0.142*""beton"" + 0.131*""tahun"" + -0.131*""l""')]"
UNILA5,"[['UNILA5'], ['UNILA3', 'UNILA5', 'UNILA2'], ['FT6', 'FT7', 'FT4', 'UNILA4', 'UNILA3', 'UNILA5', 'UNILA2']]",26,0.08,3,0.8863572678494964,176.05406680535907,0.0832630268400552,"[(0, '0.278*""giat"" + 0.265*""suluh"" + 0.243*""sehat"" + 0.208*""tingkat"" + 0.204*""tahu"" + 0.197*""lampung"" + 0.168*""jadi"" + 0.165*""tani"" + 0.154*""hasil"" + 0.153*""masyarakat""'), (1, '-0.471*""las"" + -0.330*""uji"" + -0.282*""sambung"" + -0.257*""kerja"" + -0.214*""hasil"" + 0.176*""sehat"" + 0.168*""suluh"" + -0.166*""kelas"" + -0.148*""jadi"" + 0.120*""giat""'), (2, '-0.335*""tani"" + -0.303*""suluh"" + 0.212*""katon"" + 0.212*""negeri"" + 0.212*""stunting"" + 0.193*""remaja"" + 0.191*""ibu"" + 0.170*""gizi"" + 0.148*""komunitas"" + 0.131*""desa""')]"
UNILA6,[['UNILA6']],69,0.21,4,0.566129182959117,373.5399100845924,0.4261312167031092,"[(0, '0.392*""cara"" + 0.279*""deskriptif"" + 0.231*""risiko"" + 0.215*""teliti"" + 0.209*""hasil"" + 0.162*""covid"" + 0.145*""awat"" + 0.144*""tingkat"" + 0.139*""tubuh"" + 0.136*""lampung""'), (1, '-0.373*""risiko"" + 0.366*""deskriptif"" + 0.320*""cara"" + -0.242*""covid"" + -0.204*""awat"" + 0.191*""tubuh"" + -0.176*""lelah"" + 0.174*""panjang"" + 0.160*""hamil"" + 0.131*""bayi""'), (2, '0.539*""isi"" + -0.279*""risiko"" + 0.218*""humanistik"" + 0.212*""manusia"" + 0.194*""lalu"" + 0.181*""bentuk"" + 0.181*""hak"" + 0.168*""undang"" + 0.168*""asasi"" + 0.152*""tegak""'), (3, '0.525*""isi"" + 0.279*""risiko"" + 0.214*""humanistik"" + 0.165*""undang"" + -0.161*""tanah"" + 0.147*""tegak"" + 0.141*""lalu"" + -0.135*""tingkat"" + -0.132*""hak"" + -0.128*""masyarakat""')]"
